Part Number,Vendor,Vendor P/N,Package,Quantity On Hand,Price Each (qty 25),Description,Symbol Name,Symbol Library,Footprint Library,Family,Comments,Alternate vendor,Alternate P/N,Alternate Vendor,Alternate P/N,Datasheet
A-1000-0,TI,LM317T/NOPB,TO-220,15,$1.50,"IC, Variable positive regulator",LM317T/NOPB,asp_regulator,asp_ic,,,,,,,
A-1000-1,TI,LM317EMP/NOPB,SOT-223,19,$1.29,"IC, Variable positive regulator",,asp_regulator,asp_ic,,,,,,,
A-1001-0,TI,LM337T/NOPB,TO-220,0,$1.69,"IC, Variable negative regulator",,asp_regulator,asp_ic,,,,,,,
A-1001-1,TI,LM337IMP/NOPB,SOT-223,7,$1.69,"IC, Variable negative regulator",,asp_regulator,asp_ic,,,,,,,
A-1002-0,THAT,1280S14-U,SOIC-14_3.9x8.7mm_Pitch1.27mm,19,$3.12,"IC, Dual balanced line receiver, 0 dB",,asp_analog,asp_ic,,,TI,INA2134UA,,,
A-1003-0,THAT,1283S14-U,SOIC-14_3.9x8.7mm_Pitch1.27mm,,$3.12,"IC, Dual balanced line receiver, -3 dB",,asp_analog,asp_ic,,,,,,,
A-1004-0,THAT,1286S14-U,SOIC-14_3.9x8.7mm_Pitch1.27mm,3,$3.12,"IC, Dual balanced line receiver, -6 dB",,asp_analog,asp_ic,,,TI,IN2137UA,,,
A-1005-0,Analog Devices,OP275GSZ,SOIC-8_3.9x4.9mm_P1.27mm,6,$2.25,"IC, dual op-amp",,asp_analog,asp_ic,,,,,,,
A-1006-0,THAT,1646S08-U,SOIC-8_3.9x4.9mm_P1.27mm,26,$3.72,"IC, balanced line driver",,asp_analog,asp_ic,,,,,,,
A-1007-0,TI,DRV135UA,SOIC-8_3.9x4.9mm_P1.27mm,,$4.23,"IC, balanced line driver",,asp_analog,asp_ic,,,,,,,
A-1008-0,TI,DRV134UA,SO-16W,10,$4.24,"IC, balanced line driver",,asp_analog,asp_ic,,,THAT,1646W16-U,,,
A-1009-0,NXP,PCA9555D,SOIC-24W_7.5x15.4mm_Pitch1.27mm,39,$2.36,"IC, I2C 16-bit expander",,asp_digital,asp_ic,,,,,,,
A-1009-1,NXP,PCA9555DB,SSOP-24_5.3x8.2mm_P0.65mm,32,$1.78,"IC, I2C 16-bit expander",,asp_digital,asp_ic,,,,,,,
A-1010-0,Silicon Labs,C8051F374-A-GM,QFN-24,,$2.87,"IC, 8051 Micro",,asp_digital,asp_ic,,,,,,,
A-1011-0,TI,TL074CD,SO-14,,$0.46,"IC, quad JFET input op-amp",,asp_analog,asp_ic,,,,,,,
A-1012-0,TI,PGA2320IDWG4,SO-16W,8,$12.28,"IC, dual volume control",,asp_analog,asp_ic,,,,,Newark,,
A-1013-0,TI,TLC59116IPWR,TSSOP-28,3,$2.53,"IC, TLC59116IPWR 16-channel I2C LED driver",,asp_digital,asp_ic,,,,,,,
A-1014-0,Analog Devices,AD5293,TSSOP-14,,$3.87,"IC, digital pot 20k 1024 taps 1% SPI",,asp_analog,asp_ic,,,,,,,
A-1015-0,Silicon Labs,SiM3C167-B-GQ,TQFP-80,,$8.22,"IC, ARM M3 micro, 256 kB flash 32 kB RAM",,asp_digital,asp_ic,,,,,,,
A-1015-1,Silicon Labs,SiM3C157-B-GQ,TQFP-80,,$7.18,"IC, ARM M3 micro, 128 kB flash 32 kB RAM ",,asp_digital,asp_ic,,,,,,,
A-1016-0,Intersil,DG409DYZ,SO-16,,$1.90,"IC, dual 4:1 analog mux, +34V",,asp_analog,asp_ic,,,,,,,
A-1017-0,Analog Devices,ADG441BRZ,SO-16,,$1.50,"IC, quad SPST analog switch, +44V",,asp_analog,asp_ic,,,,,,,
A-1018-0,Silicon Labs,SiM3C136-B-GQ,TQFP-64,,$4.26,"IC, ARM M3 micro, 32 kB flash 8 kB RAM",,asp_digital,asp_ic,,,,,,,
A-1018-1,Silicon Labs,SiM3C146-B-GQ,TQFP-64,,$5.87,"IC, ARM M3 micro, 64 kB flash 16 kB RAM",,asp_digital,asp_ic,,,,,,,
A-1018-2,Silicon Labs,SiM3C156-B-GQ,TQFP-64,,$5.68,"IC, ARM M3 micro, 128 kB flash 32 kB RAM ",,asp_digital,asp_ic,,,,,,,
A-1018-3,Silicon Labs,SiM3C166-B-GQ,TQFP-64,,$6.53,"IC, ARM M3 micro, 256 kB flash 64 kB RAM ",,asp_digital,asp_ic,,,,,,,
A-1019-0,Vishay,TSOP34838,IRRX-OGV,,$1.00,"IC, IR Receiver, 38 kHz 2.7V-5.0V, 1=Out, 2=GND,3=VS",,asp_digital,asp_ic,,This is one pinout variant,,,,,
A-1020-0,Analog Devices,ADG1439BRUZ,TSSOP-20,,$4.50,"IC, dual 4:1 analog mux, +34V, SPI interface",,asp_analog,asp_ic,,,,,,,
A-1021-0,TI,OPA2365AIDG4,SOIC-8_3.9x4.9mm_P1.27mm,,$2.07,"IC, dual rail-to-rail op-amp, +5.5V max VCC",,asp_analog,asp_ic,,,,,,,
A-1022-0,TI,LM2675M-3.3/NOPB,SOIC-8_3.9x4.9mm_P1.27mm,5,$2.88,"IC, LM2675-3.3 3.3V 1A step-down switchmode regulator",,asp_regulator,asp_ic,,,,,,,
A-1023-0,TI,TPA6120A2DWP,SO-20-W-PAD,,$3.50,"IC, dual headphone driver",,asp_analog,asp_ic,,,,,,,
A-1024-0,TI,TPS54286PWP,HTSSOP-14-PAD,,$5.18,"IC, Dual-output buck switching converter, 2A",,asp_regulator,asp_ic,,,,,,,
A-1025-0,Linear Tech,LT8582EDKD#PBF,DFN-24-PAD,,$5.36,"IC, Dual-output boost/inverting/SEPIC converter 3A",LT8582EDKD,asp_regulator,asp_ic,,,,,,,
A-1026-0,Silicon Labs,SiM3U167-B-GQ,TQFP-80,,$7.61,"IC, ARM M3 micro, 256 kB flash 32 kB RAM, USB",,asp_digital,asp_ic,,,,,,,
A-1026-1,Silicon Labs,SiM3U157-B-GQ,TQFP-80,,$6.75,"IC, ARM M3 micro, 128 kB flash 32 kB RAM, USB",,asp_digital,asp_ic,,,,,,,
A-1027-0,Silicon Labs,SiM3U136-B-GQ,TQFP-64,,$5.11,"IC, ARM M3 micro, 32 kB flash 8 kB RAM, USB",,asp_digital,asp_ic,,,,,,,
A-1027-1,Silicon Labs,SiM3U146-B-GQ,TQFP-64,,$5.68,"IC, ARM M3 micro, 64 kB flash 16 kB RAM, USB",,asp_digital,asp_ic,,,,,,,
A-1027-2,Silicon Labs,SiM3U156-B-GQ,TQFP-64,,$6.30,"IC, ARM M3 micro, 128 kB flash 32 kB RAM, USB",,asp_digital,asp_ic,,,,,,,
A-1027-3,Silicon Labs,SiM3U166-B-GQ,TQFP-64,,$7.38,"IC, ARM M3 micro, 256 kB flash 32 kB RAM, USB",,asp_digital,asp_ic,,,,,,,
A-1028-0,NXP,74HC590D,SO-16,,$0.25,"IC, 8-bit binary counter with 3-state output",,asp_digital,asp_ic,,,,,,,
A-1029-0,TI,PCM1789PW,TSSOP-24,5,$5.04,"IC, Stereo Audio DAC, 24-bit/192 kHz 113 dB SNR",,asp_converter,asp_ic,,,,,,,
A-1030-0,TI,TPS60111PWP,TSSOP-20-PAD,5,$1.50,"IC, 5V 150mA low-noise regulated charge pump",,asp_regulator,asp_ic,,,,,,,
A-1031-0,TI,PGA112AIDGST,MSOP-10,,$2.40,"IC, Programmable-gain amplifier with mux",,asp_analog,asp_ic,,,,,,,
A-1032-0,TI,TLV1117LV33DCYT,SOT-223,,$0.50,"IC, 3.3V 1A fixed output LDO regulator (6V max input)",,asp_regulator,asp_ic,,,,,,,
A-1033-0,Micrel,SY100EPT21LZI,SO-8,,$2.50,"IC, 3.3V LVPECL-to-LVTTL translator",,asp_digital,asp_ic,,,ON Semi,MC100EPT21D,,,
A-1034-0,Atmel,ATSAM3U4EA-AU,LQFP-144,,$6.65,"IC, ARM M3 micro, 256 kB flash, 52 kB RAM, HS-USB",,asp_digital,asp_ic,,,,,,,
A-1034-1,Atmel,ATSAM3U4CA-AU,LQFP-100,,$5.49,"IC, ARM M3 micro, 256 kB flash, 52 kB RAM, HS-USB",,asp_digital,asp_ic,,,,,,,
A-1035-0,Atmel,ATSAM3U2EA-AU,LQFP-144,,$4.69,"IC, ARM M3 micro, 128 kB flash, 36 kB RAM, HS-USB",,asp_digital,asp_ic,,,,,,,
A-1035-1,Atmel,ATSAM3U2CA-AU,LQFP-100,,$3.87,"IC, ARM M3 micro, 128 kB flash, 36 kB RAM, HS-USB",,asp_digital,asp_ic,,,,,,,
A-1036-0,Atmel,ATSAM3U1EB-AU,LQFP-144,,$3.84,"IC, ARM M3 micro, 64 kB flash, 20 kB RAM, HS-USB",,asp_digital,asp_ic,,,,,,,
A-1036-1,Atmel,ATSAM3U1CB-AU,LQFP-100,,$3.17,"IC, ARM M3 micro, 64 kB flash, 20 kB RAM, HS-USB",,asp_digital,asp_ic,,,,,,,
A-1037-0,NXP,PCA9538APWJ,TSSOP-16,,$1.00,"IC, I2C 8-bit expander with interrupt and reset",,asp_digital,asp_ic,,,,,,,
A-1038-0,Intersil,DG403DYZ,SO-16,,$1.43,"IC, dual SPDT analog switch, +34V",,asp_analog,asp_ic,,,,,,,
A-1039-0,TI,PCM1804DB,SSOP-28_5.3x10.2mm_Pitch0.65mm,5,$5.60,"IC, Stereo Audio ADC, 24-bit 192 kHz 111 dB SNR",,asp_converter,asp_ic,,,,,,,
A-1040-0,TI,OPA1632D,SOIC-8_3.9x4.9mm_P1.27mm,4,$4.92,"IC, OPA1632D differential audio op-amp",,asp_analog,asp_ic,,,,,,,
A-1041-0,NXP,74LVC821APW,TSSOP-24,,$0.75,"IC, 10-bit D flip-flop",,asp_digital,asp_ic,,,,,,,
A-1042-0,Xilinx,XC2C64A-7VQG44C,VQFP-44,,$2.35,"IC, 64-macrocell 1.8V CPLD, QFP44 package",XC2C64A-VQ44,asp_digital,asp_ic,,,,,,,
A-1043-0,Silicon Labs,C8051F314-GQ,LQFP-32,12,$2.78,"IC, 8051 Micro, 25 MIPS, 8 kB flash, 1280 bytes RAM, 29 digital I/O ",,asp_digital,asp_ic,,NRND,,,,,
A-1044-0,TI,TPS79333DBV,SOT-23-5,3,$0.31,"IC, 3.3V 200mA ultra-low-noise LDO voltage regulator",,asp_regulator,asp_ic,,,,,Newark,,
A-1045-0,Maxim,DS1337C#,SO-16,2,$4.96,"IC, DS1337 Real-Time Clock I2C",,,,,,,,,,
A-1046-0,TI,TPS62203DBVR,SOT-23-5,5,$1.34,"IC, TPS62203DBVT 3.3V 300mA Step-down ",,,,,,,,,,
A-1047-0,TI,LM2586S-ADJ/NOPB,TO-263-7,5,$7.06,"IC, LM2586S-ADJ 3A flyback regulator",LM2586S-ADJ,,,,,,,,,
A-1048-0,TI,TPS2061D,SO-8,8,$1.48,"IC, TPS2061D 1A USB power switch",,,,,,,,,,
A-1049-0,TI,TPS73201DBVT,SOT-23-5,5,$1.34,"IC, TPS73201DBVT Adj LDO reg 250 mA",,,,,,,,,,
A-1050-0,TI,REG1117-3.3,SOT-223,10,$1.96,"IC, REG1117-3- 3.3V 800mA LDO (15V max in)",,,,,,,,,,
A-1051-0,Linear Tech,LT1613CS5#TRMPBF,SOT-23-5,4,$3.72,"IC, LT1613 adj flyback regulator",LT1613CS5,,,,,,,,,
A-1052-0,Linear Tech,LT1611CS5#TRMPBF,SOT-23-5,10,$4.22,"IC, LT1611 adj neg regulator",LT1611CS5,,,,,,,,,
A-1053-0,Micrel,MIC5205YM5,SOT-23-5,4,$0.51,"IC, MIC5205YM5 adj LDO 150mA low-noise",,,,,,,,,,
A-1054-0,TI,TLC555CDR,SO-8,5,$0.59,"IC, TLC555CDR LinCMOS Timer",,,,,,,,,,
A-1055-0,TI,SN74LV4046ADR,SO-16,10,$1.12,"IC, SN74LV4046ADR CMOS PLL w/VCO SO-16",,asp_pll,asp_ic,,,,,,,
A-1055-1,TI,SN74LV4046AN,DIP-16_W7.62mm,5,$1.50,"IC, SN74LV4046AN CMOS PLL w/VCO, DIP-8",,asp_pll,asp_ic,,,,,,,
A-1056-0,TI,CDCE913PWR,TSSOP-14,5,$3.24,"IC, CDCE913PWR Prog. PLL/VCXO/Synth",,asp_pll,asp_ic,,,,,,,
A-1057-0,TI,SN74LVC3G34DCTR,SSOP-8,10,$0.47,"IC, SN74LVC3G34DCTR triple buffer",,,,,,,,,,
A-1058-0,TI,SN74LVC2G157DCTR,SSOP-8,10,$0.43,"IC, SN74LVC2G157DCTR single 2:1 mux",,,,,,,,,,
A-1059-0,TI,DS90LV047ATM/NOPB,SO-16,5,$2.65,"IC, DS90LV047ATM quad LVDS driver",DS90LV047ATM,,,,,,,,,
A-1060-0,Vishay,TSOP38238,,8,$0.62,"IC, IR Receiver, 38 kHz 2.7V-5.0V, 1=Out, 2=GND,3=VS",,,,,,,,,,
A-1061-0,TI,DAC8552IDGKT,MSOP-8,5,$7.33,"IC, DAC dual 16-bit SPI 10uS settling",,,,,,,,,,
A-1062-0,TI,INA137UA,SO-8,10,$2.63,"IC, INA137UA single audio line receiver",,,,,,,,,,
A-1063-0,TI,TPS79318DBV,SOT-23-5,9,$0.66,"IC, TPS79318DBV 1.8 V 200 mA ultralow noise LDO voltage regulator ",,,,,,,,,,
A-1064-0,TI,OPA1612AID,SO-8,2,$6.26,"IC, OPA1612AID 1.1nV low noise op-amp",,,,,,,,,,
A-1065-0,TI,TPA6110A2DGNR,,5,$0.87,"IC, TPA6110A2DGNR 5V stereo headphone amp",,,,,,,,,,
A-1066-0,TI,TLC2272ADCR,SO-8,12,$1.47,"IC, TLC2272ACDR dual R/R op-amp",,,,,,,,,,
A-1067-0,TI,OPA2134UA,SO-8,6,$2.83,"IC, OPA2134UA dual FET-input op-amp SO-8",,,,,,,,,,
A-1068-0,TI,TPA6111A2DGNR,,5,$1.22,"IC, TPA6111A2DGN headphone amp",,,,,,,,,,
A-1069-0,THAT,5171N32-U,,6,$9.21,"IC, 5171N32-U mic preamp controller",,,,,,,,,,
A-1070-0,THAT,1570N16-U,,,$4.77,"IC, 1570N16-U mic preamp",,,,,,,,,,
A-1071-0,TI,PGA2500IDB,SSOP-28_5.3x10.2mm_Pitch0.65mm,5,$15.90,"IC, PGA2500IDB digital-ctrl mic pre",,,,,,,,,,
A-1072-0,Cirrus,CS4270-CZZ,TSSOP-24,5,$4.23,"IC, CS4270 stereo CODEC 105dB 192kHz",,,,,,,,,,
A-1073-0,TI,PCM3010DB,SSOP-24,3,$9.55,"IC, PCM3010DB stereo CODEC 100dB 96 kHz",,,,,,,,,,
A-1074-0,TI,PCM1748KE,SSOP-16,3,$2.95,"IC, PCM1748KE stereo DAC 96 kHz",,,,,,,,,,
A-1075-0,TI,PCM1802DBR,,3,$3.20,"IC, PCM1802DBR stereo ADC 96 kHz",,,,,,,,,,
A-1076-0,NXP,PCA9306D,SO-8,0,$0.60,"IC, PCA9306D dual bidirectional I2C-bus level translator ",,asp_digital,asp_ic,,,,,,,
A-1077-0,TI,PCM4202DBT,SSOP-28_5.3x10.2mm_Pitch0.65mm,4,$8.62,"IC, PCM4202DBT stereo ADC 216kHz",,,,,,,,,,
A-1078-0,TI,DIT4096IPW,TSSOP-28,5,$3.68,"IC, DIT4096IPW dig audio transmitter 96 kHz",,,,,,,,,,
A-1079-0,TI,SRC4192IDB,SSOP-28_5.3x10.2mm_Pitch0.65mm,4,$10.39,"IC, SRC4192IDB stereo SRC 192 kHz",,,,,,,,,,
A-1080-0,TI,REG102UA-3.3,SO-8,2,$2.50,"IC, REG102UA-3.3 250mA LDO SO-8",,,,,,,,,,
A-1081-0,Linear Tech,LT1371CSW#PBF,SO-20,2,$7.10,"IC, LT1371 3A 500 kHz switching regulator SO-20",,asp_regulator,asp_ic,,,,,,,
A-1081-1,Linear Tech,LT1371CT7#PBF,TO-220-7S,3,$7.10,"IC, LT1371 3A 500 kHz switching regulator TO-220-7S",,asp_regulator,asp_ic,,,,,,,
A-1082-0,TI,TPS54329DDA,HSOP-8-1EP_3.9x4.9mm_P1.27mm_EP2.41x3.1mm_ThermalVias,3,$1.50,"IC, TPS54329DDA 3-A stepdown switcher",,asp_regulator,asp_ic,,,,,,,
A-1083-0,Micrel,MIC37100-3.3WS,SOT-223,5,$1.44,"IC, MIC37100-3.3WS 3.3V 1A LDO",,asp_regulator,asp_ic,,,,,,,
A-1084-0,TI,DS90LV011ATMF/NOPB,SOT-23-5,3,$1.03,"IC, DS90LV011A single LVDS driver",DS90LV011A,asp_digital,asp_ic,,,,,,,
A-1085-0,TI,DS90LV012ATMF/NOPB,SOT-23-5,0,$0.86,"IC, DS90LV012A single LVDS receiver",DS90LV012A,asp_digital,asp_ic,,,,,,,
A-1085-1,TI,DS90LT012ATMF/NOPB,SOT-23-5,0,$1.20,"IC, DS90LT012A single LVDS receiver with termination",DS90LT012A,asp_digital,asp_ic,,,,,,,
A-1086-0,TI,OPA552UA,SOIC-8_3.9x4.9mm_P1.27mm,0,$4.19,"IC, OPA552UA single high-current high-voltage op-amp 12 MHz SO-8",,asp_analog,asp_ic,,,,,,,
A-1086-1,TI,OPA552PA,DIP-8_300,0,$3.99,"IC, OPA552PA single high-current high-voltage op-amp 12 MHz DIP-8",,asp_analog,asp_ic,,,,,,,
A-1087-0,TI,OPA1652AIDR,SOIC-8_3.9x4.9mm_P1.27mm,30,$1.43,"IC, OPA1652AID dual low-noise and distortion FET input op-amp SO-8",,asp_analog,asp_ic,,,,,,,
A-1088-0,TI,MAX3221ECPW,TSSOP-16,9,$1.37,"IC, MAX3221ECPW RS-232 transceiver (1 driver, 1 receiver) 250 kbps 5/3.3V",,asp_digital,asp_ic,,,TI,TRS3221EIPWR,,,
A-1089-0,Analog Devices,ADG5209BRUZ,TSSOP-16,10,$4.72,"IC, ADG5209BRUZ dual 4:1 analog mux +44V low crosstalk TSSOP-16",ADG5209BRUZ,asp_analog,asp_ic,,,,,,,
A-1090-0,Analog Devices,ADG5213BRUZ,TSSOP-16,6,$4.67,"IC, ADG5213BRUZ quad SPST analog switch +44V low crosstalk TSSOP-16",ADG5213BRUZ,asp_analog,asp_ic,,,,,,,
A-1091-0,TI,OPA551UA,SOIC-8_3.9x4.9mm_P1.27mm,0,$3.79,"IC, OPA551UA single high-current high-voltage op-amp 3 MHz SO-8",,asp_analog,asp_ic,,,,,,,
A-1091-1,TI,OPA551PA,DIP-8_300,8,$4.29,"IC, OPA551PA single high-current high-voltage op-amp 3 MHz DIP-8",,asp_analog,asp_ic,,,,,,,
A-1092-0,Cirrus,CS8416-CSZ,SOIC-28_7.5x17.9mm_Pitch1.27mm,0,$7.19,"IC, CS8416-CSZ 192 kHz digital audio receiver SOIC-28",,asp_converter,asp_ic,,,,,,,
A-1093-0,TI,PCM1796DB,SSOP-28_5.3x10.2mm_Pitch0.65mm,0,$5.95,"IC, PCM1796DB 192 kHz 24-bit stereo audio DAC 123 dB SSOP-28",,asp_converter,asp_ic,,,,,,,
A-1094-0,TI,SRC4392IPFB,TQFP-48_7x7mm_Pitch0.5mm,6,$17.00,"IC, SRC4392 216 kHz Async Sample Rate Converter with DIR and DIT TQFP-48",,asp_converter,asp_ic,,,,,,,
A-1095-0,Silicon Labs,EFM32TG222F8-QFP48,TQFP-48_7x7mm_Pitch0.5mm,0,$1.75,"IC, EFM32TG222F8-QFP48 ARM Cortex M3 32 MHz 8 kB flash 2 kB RAM",,asp_digital,asp_ic,,,,,,,
A-1095-1,Silicon Labs,EFM32TG222F16-QFP48,TQFP-48_7x7mm_Pitch0.5mm,0,$1.94,"IC, EFM32TG222F16-QFP48 ARM Cortex M3 32 MHz 16 kB flash 4 kB RAM",,asp_digital,asp_ic,,,,,,,
A-1095-2,Silicon Labs,EFM32TG222F32-QFP48,TQFP-48_7x7mm_Pitch0.5mm,0,$1.90,"IC, EFM32TG222F32-QFP48 ARM Cortex M3 32 MHz 32 kB flash 4 kB RAM",,asp_digital,asp_ic,,,,,,,
A-1096-0,Silicon Labs,Si5328C-C-GM,QFN-36-1EP_6x6mm_Pitch0.5mm,0,$15.00,"IC, Si5328C-C-GM Clock Multiplier 2 in 2 out QFN-36",,asp_digital,asp_ic,,,,,,,
A-1097-0,Silicon Labs,Si5344D-D-GM,QFN-44-1EP_7x7mm_Pitch0.5mm,5,$15.00,"IC, Si5344D-D-GM Clock Multiplier 4 in 4 out QFN-44 350 MHz Integer-only PLL",,asp_digital,asp_ic,,,,,,,
A-1097-1,Silicon Labs,Si5344A-D-GM,QFN-44-1EP_7x7mm_Pitch0.5mm,2,$20.00,"IC, Si5344D-A-GM Clock Multiplier 4 in 4 out QFN-44 1 GHz Fractional PLL",,asp_digital,asp_ic,,,,,,,
A-1098-0,Silicon Labs,C8051F863-C-GS,SO-16,0,$0.95,"IC, C8051F863-C-GS micro 8 kB flash 512 B RAM 25 MHz SO-16",,asp_digital,asp_ic,,,,,,,
A-1099-0,TI,SN74LVC1G17DBVR,SOT-23-5,1,$0.30,"IC, SN74LVC1G17DBVR single Schmitt Trigger SOT-23-5",,asp_digital,asp_ic,,,,,,,
A-1100-0,TI,SN74LVC1G08DBVR,SOT-23-5,3,$0.30,"IC, SN74LVC1G08DBVR single 2-input AND gate SOT-23-5",,asp_digital,asp_ic,,,,,,,
A-1101-0,Linear Tech,LT1086CT#PBF,TO-220,0,$2.67,"IC, LT1086CT#PBF Adjustable positive LDO regulator TO-220 1.5A",,asp_regulator,asp_ic,,,,,,,
A-1102-0,Silicon Labs,Si5351B-B-GM,QFN-20-1EP_4x4mm_Pitch-0.5mm,3,$2.66,"IC, Si5351B-B-GM I2C programmable VCXO and Clock Generator",,asp_digital,asp_ic,,,,,,,
A-1103-0,TI,CD74HC7046AM,SO-16,0,$1.12,"IC, SN74HC7046AM CMOS PLL w/VCO SO-16",,asp_pll,asp_ic,,,,,,,
A-1103-1,TI,CD74HC7046AE,DIP-16_W7.62mm,10,$1.12,"IC, SN74HC7046AE CMOS PLL w/VCO DIP-16",,asp_pll,asp_ic,,,,,,,
A-1104-0,NXP,74LVC157AD,SO-16,0,$0.35,"IC, 74LVC157AD quad 2-input mux SO-16",,asp_digital,asp_ic,,,TI,SN74LVC157AD,,,
A-1105-0,On Semi,NB3N551DG,SOIC-8_3.9x4.9mm_P1.27mm,4,$1.38,"IC, NB3N551DG 1:4 clock fanout buffer 180 MHz SO-8",,asp_digital,asp_ic,,,,,,,
A-1106-0,Silicon Labs,EFM32TG232F8-QFP64T,TQFP-64_10x10mm_Pitch0.5mm,0,$2.00,"IC, EFM32TG232F8-QFP64T ARM Cortex M3 32 MHz 8 kB flash 2 kBRAM",,asp_digital,asp_ic,,,,,,,
A-1106-1,Silicon Labs,EFM32TG232F16-QFP64T,TQFP-64_10x10mm_Pitch0.5mm,0,$2.10,"IC, EFM32TG232F16-QFP64T ARM Cortex M3 32 MHz 16 kB flash 4 kBRAM",,asp_digital,asp_ic,,,,,,,
A-1106-2,Silicon Labs,EFM32TG232F32-QFP64T,TQFP-64_10x10mm_Pitch0.5mm,0,$2.20,"IC, EFM32TG232F32-QFP64T ARM Cortex M3 32 MHz 32 kB flash 4 kBRAM",,asp_digital,asp_ic,,,,,,,
A-1107-0,ST,STP16CPC26MTR,SOIC-24W_7.5x15.4mm_Pitch1.27mm,0,$0.90,"IC, STP16CPC26MTR 16-bit constant current LED sink driver SPI SOIC-24W",,asp_digital,asp_ic,,,,,,,
A-1108-0,TI,PCM1798DB,SSOP-28_5.3x10.2mm_Pitch0.65mm,4,$5.37,"IC, PCM1798DB Stereo Audio DAC, 24-bit/192 kHz 123 dB SNR SSOP-28",,asp_converter,asp_ic,,,,,,,
A-1109-0,Lattice,LCMXO2-2000HC4-TG144C,TQFP-144_20x20mm_P0.5mm,0,$10.00,"IC, LCMXO2-2000HC4-TG144C FPGA 2112 LUTs 3.3V/2.5V -4 Speed",,asp_digital,asp_ic,,,,,,,
A-1110-0,Lattice,LCMXO2-1200HC4-TG100C,TQFP-100_14x14mm_P0.5mm,7,$6.50,"IC, LCMXO2-1200HC4-TG144C FPGA 1280 LUTs 3.3V/2.5V -4 Speed",,asp_digital,asp_ic,,,,,,,
A-1111-0,Microchip,MCP1825S-1802E/DB,SOT-223,5,$0.43,"IC, MCP1825S-1802E/DB 1.8V 500mA LDO SOT-223",,asp_regulator,asp_ic,,,,,,,
A-1112-0,Linear Tech,LT3080EDD#PBF,DFN-8-1EP_3x3mm_P0.5mm,4,$2.75,"IC, LT3080EDD adjustable positive LDO DFN-8",,asp_regulator,asp_ic,,,,,,,
A-1112-1,Linear Tech,LT3080ET#PFB,TO-220-5_Vertical_StaggeredType1,0,$3.20,"IC, LT3080ET 1.1 A adjustable positive LDO TO-220-5",,asp_regulator,asp_ic,,,,,,,
A-1113-0,Linear Tech,LT3090EDD#PBF,DFN-10-1EP_3x3mm_P0.5mm,1,$4.75,"IC, LT3090EDD adjustable negative LDO DFN-10",,asp_regulator,asp_ic,,,,,,,
A-1114-0,Linear Tech,LT1372CN8#PBF,DIP-8_W7.62mm,7,$4.78,"IC, LT1372 1.5A 500 kHz switching regulator DIP-8",,asp_regulator,asp_ic,,,,,,,
A-1115-0,Analog Devices,AD8672ARZ,SOIC-8_3.9x4.9mm_P1.27mm,,$3.59,"IC, AD8672ARZ Precision very low noise, low Ib, op-amp SO-8",,asp_analog,asp_ic,,"75uV max offset, 10 MHz GBW",,,,,
A-1116-0,Linear Tech,LT3091ET7#PBF,TO-220-7S,,$4.00,"IC, LT3091ET7 1.5 A adjustable negative LDO TO-220-7S",,asp_regulator,asp_ic,,,,,,,
A-1117-0,Linear Tech,LT1963AET#PBF,TO-220-5_Vertical_StaggeredType1,3,$5.00,"IC, LT1963AET, 1.5 A adjustable LDO TO-220-5S",,asp_regulator,asp_ic,,,,,,,
A-1118-0,Linear Tech,LT1175CT#PBF,TO-220-5_Vertical_StaggeredType1,4,$8.00,"IC, LT1175CT, 500 mA adjustable negative LDO TO-220-5S",,asp_regulator,asp_ic,,,,,,,
A-1119-0,THAT,1606Q16-U,QSOP-16_3.9x4.9mm_P0.635mm,10,$3.91,"IC, 1606 Balanced Line Driver, QSOP-16",,asp_analog,asp_ic,,,,,,,
A-1120-0,THAT,4305Q16-U,QSOP-16_3.9x4.9mm_P0.635mm,,$4.12,"IC, 4305 Analog Engine Dynamics Processor QSOP-16",,asp_analog,asp_ic,,,,,,,
A-1121-10k,Microchip,MCP45HV51-103E/ST,TSSOP-14_4.4x5mm_P0.65mm,,$1.30,"IC, MCP45HV51-103 10k 256-tap volatile digital pot I2C TSSOP-14",MCP45HV51-103EST,asp_analog,asp_ic,,,,,,,
A-1122-0,ON Semi,6N138,DIP-8_300,10,$0.50,"IC, 6N138 Optoisolator",,asp_digital,asp_ic,,,,,,,
A-1123-0,Silicon Labs,EFM8UB20F64G-B-QFP48,TQFP-48_7x7mm_Pitch0.5mm,0,$1.75,"IC, EFM8UB20F64G-QFP48 8051 64kB flash 4k RAM USB",,asp_digital,asp_ic,,,,,,,
A-1124-0,TI,OPA1656ID,SOIC-8_3.9x4.9mm_P1.27mm,,$2.64,"IC, OPA1656ID ultralow-noise/distortion/offset FET input op-amp",,asp_analog,asp_ic,,,,,,,
A-1124-0,Microchip,KSZ8081RNA,QFN-24-1EP_4x4mm_P0.5mm_EP2.6x2.6mm,,$0.84,"IC, KSZ8081RNA 10/100 Base-TX Ethernet PHY, 25 MHz input clock",,asp_digital,asp_ic,,,,,,,
A-1124-1,Microchip,KSZ8081RND,QFN-24-1EP_4x4mm_P0.5mm_EP2.6x2.6mm,,$0.84,"IC, KSZ8081RND 10/100 Base-TX Ethernet PHY, 50 MHz input clock",,asp_digital,asp_ic,,,,,,,
A-1125-0,Analog Devices,LT8330ES6,SOT23-6_Handsoldered,10,$6.00,"IC, LT8330 Low Iq Boost/SEPIC/Inverting converter with 1A 60V switch",,asp_regulator,asp_ic,,,,,,,
A-1126-0,THAT,1512S08-U,SOIC-8_3.9x4.9mm_P1.27mm,10,$4.34,"IC, 1512 mic preamp , SOIC-8",,asp_analog,asp_ic,,,,,,,
A-1127-0,TI,LM339ADR,SOIC-14_3.9x8.7mm_Pitch1.27mm,7,$0.25,"IC, LM339A quad comparator",,asp_analog,asp_ic,,,,,,,
A-1128-0,Silicon Labs,EFM8BB10F8G-A-SOIC16R,SOIC-16,10,$0.50,"IC, EFM8BB10 8-bit MCU 8kB Flash 512 bytes RAM",,asp_digital,asp_ic,,,,,,,
A-1129-0,Analog Devices,AD8602DRZ,SOIC-8_3.9x4.9mm_P1.27mm,5,$1.25,"IC, AD8602DRZ dual 1.1mV offset precision RRIO op-amp 8 MHz GBW",,asp_analog,asp_ic,,"Like OPA2365 but cheaper, less GBW",,,,,
A-1129-1,Analog Devices,AD8602ARZ,SOIC-8_3.9x4.9mm_P1.27mm,,$1.25,"IC, AD8602ARZ dual 80 uV offset precision RRIO op-amp 8 MHz GBW",,asp_analog,asp_ic,,"Like OPA2365 but cheaper, less GBW",,,,,
A-1130-0,TI,TM4C1294NCPDTI3,PQFP-128_14x14mm_P0.4mm,0,$12.08,"IC, TM4C1294NCPDTI3 ARM M4F 120 MHz 1024kB flash 256 kB SRAM",,asp_digital,asp_ic,,,,,,,
A-1131-0,TI,TL072CD,SOIC-8_3.9x4.9mm_P1.27mm,20,$0.50,"IC, TL072CD general purpose dual FET-input op-amp, SOIC-8",,asp_analog,asp_ic,,,,,,,
A-1132-0,TI,TL062CD,SOIC-8_3.9x4.9mm_P1.27mm,0,$0.30,"IC, TL062CD general purpose low power dual FET-input op-amp, SOIC-8",,asp_analog,asp_ic,,,,,,,
A-1133-0,Cirrus,CS8421-CZZ,TSSOP-20,0,$9.14,"IC, CS8421-CZZ audio sample-rate converter TSSOP-20",,asp_converter,asp_ic,,,,,,,
A-1134-0,Silicon Labs,Si7021-A20-IM1,DFN-6-1EP_3x3mm_P1mm_EP1.5x2.4mm,0,$3.50,"IC, Si7021 temperature and humidity sensor, I2C output, DFN-6",Si7021-A20,asp_sensor,asp_ic,,,,,,,
A-1135-0,TI,SN74LVC1G139DCT,SSOP-8_2.95x2.8mm_P0.65mm,0,$0.50,"IC, SN74LVC1G139DCT 2-to-4 decoder",74LVC1G139,asp_digital,asp_ic,,,,,,,
A-1136-0,TI,SN74LVC541APW,TSSOP-20_4.4x6.5mm_P0.65mm,0,$0.40,"IC, SN74LVC541APW octal buffer TSSOP-20",74LVC541APW,asp_digital,asp_ic,,,,,,,
A-1137-0,Silicon Labs,EFM32ZG222F32-B-QFP48,TQFP-48_7x7mm_Pitch0.5mm,0,$2.00,"IC, EFM32ZG222F32-B-QFP48 ARM M0+ QFP48 24 MHz 32kB F/4kB RAM",,asp_digital,asp_ic,,,,,,,
A-1138-0,Silicon Labs,EFM8UB11F16G-C-QSOP24,QSOP-24_3.9x8.7mm_P0.635mm,14,$1.66,"IC, EFM8UB11F16G-C-QSOP24 8051 Full-Speed USB, 16k flash/2k RAM",,asp_digital,asp_ic,,,,,,,
A-1140-0,AP Memory,APS1604M-3SQR,SOIC-8_3.9x4.9mm_P1.27mm,0,$1.32,"IC, APS1604M-3SQR  PSRAM 16Mb 3.3V SO-8 ",,asp_digital,asp_ic,,,,,,,
A-1141-0,Microchip,23LC1024-I/SN,SOIC-8_3.9x4.9mm_P1.27mm,0,$2.35,"IC, 23LC1024-I/SN 1 Mb serial SRAM 2.5V-5V SO-8",,asp_digital,asp_ic,,-E is extended temp range,Microchip,23LC1024-E/SN,,,
A-1141-1,Microchip,23LC1024-I/P,DIP-8_W7.62mm,10,$2.35,"IC, 23LC1024-I/P 1 Mb serial SRAM 2.5V-5V DIP-8",,asp_digital,asp_ic,,-E is extended temp range,Microchip,23LC1024-E/SN,,,
A-1142-10k,Microchip,MCP41HV51-103E/ST,TSSOP-14_4.4x5mm_P0.65mm,25,$1.53,"IC, MCP41HV51-103E/ST 10k 256-tap volatile digital pot SPI TSSOP-14",MCP41HV51-103EST,asp_analog,asp_ic,,,,,,,
A-1143-0,Vishay,"DG201HSDY
",SOIC-16_3.9x9.9mm_P1.27mm,25,$1.39,"IC, DG201HS quad SPST analog switch ± 22V SOIC-16 narrow 25 ohm",,asp_analog,asp_ic,,,,,,,
A-1144-0,Vishay,"DG213DY-E3
",SOIC-16_3.9x9.9mm_P1.27mm,18,$1.50,"IC, DG213 quad SPST complementary analog switch ± 22V SOIC-16 narrow 25 ohm",,asp_analog,asp_ic,,,,,,,
A-1145-0,Analog Devices,"AD8617ARZ
",SOIC-8_3.9x4.9mm_P1.27mm,10,$1.99,"IC, AD8617ARZ dual R2R precision op-amp 2.2mV offset",,asp_analog,asp_ic,,,,,,,
A-1146-0,Nexperia,"74LVC594APW,118",TSSOP-16_4.4x5mm_P0.65mm,0,$0.60,"IC, 74LVC594APW 8-bit shift register (serial-to-parallel) TSSOP-16",,asp_digital,asp_ic,,,,,,,
A-1147-0,Nexperia,"74LVC04APW,118",TSSOP-14_4.4x5mm_P0.65mm,10,$0.35,"IC, 74LVC04APW 6-bit inverter TSSOP-16",,asp_digital,asp_ic,,,,,,,
B-1000-10R0,Panasonic,ERJ-6ENF10R0V,R_0805_2012Metric,105,$0.03,"Resistor, 10R0 ohms 1% 0805 0.125W",,asp_passive,asp_passive,RES_0805_1%,,,,,,
B-1000-20R0,Panasonic,ERJ-6ENF20R0V,R_0805_2012Metric,0,$0.03,"Resistor, 20R0 ohms 1% 0805 0.125W",,asp_passive,asp_passive,RES_0805_1%,,,,,,
B-1000-27R4,Panasonic,ERJ-6ENF27R4V,R_0805_2012Metric,92,$0.03,"Resistor, 27R4 ohms 1% 0805 0.125W",,asp_passive,asp_passive,RES_0805_1%,,,,,,
B-1000-33R2,Panasonic,ERJ-6ENF33R2V,R_0805_2012Metric,100,$0.03,"Resistor, 33R2 ohms 1% 0805 0.125W",,asp_passive,asp_passive,RES_0805_1%,,,,,,
B-1000-39R0,Panasonic,ERJ-6ENF39R0V,R_0805_2012Metric,,$0.03,"Resistor, 39R0 ohms 1% 0805 0.125W",,asp_passive,asp_passive,RES_0805_1%,,,,,,
B-1000-40R2,Panasonic,ERJ-6ENF40R2V,R_0805_2012Metric,61,$0.03,"Resistor, 40R2 ohms 1% 0805 0.125W",,asp_passive,asp_passive,RES_0805_1%,,,,,,
B-1000-49R9,Panasonic,ERJ-6ENF49R9V,R_0805_2012Metric,3,$0.03,"Resistor, 49R9 ohms 1% 0805 0.125W",,asp_passive,asp_passive,RES_0805_1%,,,,,,
B-1000-75R0,Panasonic,ERJ-6ENF75R0V,R_0805_2012Metric,97,$0.03,"Resistor, 75R0 ohms 1% 0805 0.125W",,asp_passive,asp_passive,RES_0805_1%,,,,,,
B-1000-100R,Panasonic,ERJ-6ENF1000V,R_0805_2012Metric,50,$0.03,"Resistor, 100R ohms 1% 0805 0.125W",,asp_passive,asp_passive,RES_0805_1%,,,,,,
B-1000-110R,Panasonic,ERJ-6ENF1100V,R_0805_2012Metric,120,$0.03,"Resistor, 110R ohms 1% 0805 0.125W",,asp_passive,asp_passive,RES_0805_1%,,Yageo,RC0805FR-07110RL,,,
B-1000-150R,Panasonic,ERJ-6ENF1500V,R_0805_2012Metric,97,$0.03,"Resistor, 150R ohms 1% 0805 0.125W",,asp_passive,asp_passive,RES_0805_1%,,,,,,
B-1000-182R,Panasonic,ERJ-6ENF1820V,R_0805_2012Metric,21,$0.03,"Resistor, 182R ohms 1% 0805 0.125W",,asp_passive,asp_passive,RES_0805_1%,,,,,,
B-1000-200R,Panasonic,ERJ-6ENF2000V,R_0805_2012Metric,21,$0.03,"Resistor, 200R ohms 1% 0805 0.125W",,asp_passive,asp_passive,RES_0805_1%,,,,,,
B-1000-220R,Panasonic,ERJ-6ENF2200V,R_0805_2012Metric,88,$0.03,"Resistor, 220R ohms 1% 0805 0.125W",,asp_passive,asp_passive,RES_0805_1%,,Yageo,RC0805FR-07220RL,,,
B-1000-243R,Panasonic,ERJ-6ENF2430V,R_0805_2012Metric,87,$0.03,"Resistor, 243R ohms 1% 0805 0.125W",,asp_passive,asp_passive,RES_0805_1%,,,,,,
B-1000-270R,Panasonic,ERJ-6ENF2700V,R_0805_2012Metric,88,$0.03,"Resistor, 270R ohms 1% 0805 0.125W",,asp_passive,asp_passive,RES_0805_1%,,,,,,
B-1000-301R,Panasonic,ERJ-6ENF3010V,R_0805_2012Metric,50,$0.03,"Resistor, 301R ohms 1% 0805 0.125W",,asp_passive,asp_passive,RES_0805_1%,,,,,,
B-1000-332R,Panasonic,ERJ-6ENF3320V,R_0805_2012Metric,50,$0.03,"Resistor, 332R ohms 1% 0805 0.125W",,asp_passive,asp_passive,RES_0805_1%,,,,,,
B-1000-402R,Panasonic,ERJ-6ENF4020V,R_0805_2012Metric,,$0.03,"Resistor, 402R ohms 1% 0805 0.125W",,asp_passive,asp_passive,RES_0805_1%,,,,,,
B-1000-422R,Panasonic,ERJ-6ENF4220V,R_0805_2012Metric,,$0.03,"Resistor, 422R ohms 1% 0805 0.125W",,asp_passive,asp_passive,RES_0805_1%,,,,,,
B-1000-442R,Panasonic,ERJ-6ENF4420V,R_0805_2012Metric,100,$0.03,"Resistor, 442R ohms 1% 0805 0.125W",,asp_passive,asp_passive,RES_0805_1%,,,,,,
B-1000-470R,Panasonic,ERJ-6ENF4700V,R_0805_2012Metric,,$0.03,"Resistor, 470R ohms 1% 0805 0.125W",,asp_passive,asp_passive,RES_0805_1%,,,,,,
B-1000-499R,Panasonic,ERJ-6ENF4990V,R_0805_2012Metric,107,$0.03,"Resistor, 499R ohms 1% 0805 0.125W",,asp_passive,asp_passive,RES_0805_1%,,,,,,
B-1000-649R,Panasonic,ERJ-6ENF6490V,R_0805_2012Metric,20,$0.03,"Resistor, 649R ohms 1% 0805 0.125W",,asp_passive,asp_passive,RES_0805_1%,,,,,,
B-1000-680R,Panasonic,ERJ-6ENF6800V,R_0805_2012Metric,,$0.03,"Resistor, 680R ohms 1% 0805 0.125W",,asp_passive,asp_passive,RES_0805_1%,,,,,,
B-1000-715R,Panasonic,ERJ-6ENF7150V,R_0805_2012Metric,9,$0.03,"Resistor, 715R ohms 1% 0805 0.125W",,asp_passive,asp_passive,RES_0805_1%,,,,,,
B-1000-732R,Panasonic,ERJ-6ENF7320V,R_0805_2012Metric,,$0.03,"Resistor, 732R ohms 1% 0805 0.125W",,asp_passive,asp_passive,RES_0805_1%,,,,,,
B-1000-750R,Panasonic,ERJ-6ENF7500V,R_0805_2012Metric,100,$0.03,"Resistor, 750R ohms 1% 0805 0.125W",,asp_passive,asp_passive,RES_0805_1%,,,,,,
B-1000-820R,Panasonic,ERJ-6ENF8200V,R_0805_2012Metric,103,$0.03,"Resistor, 820R ohms 1% 0805 0.125W",,asp_passive,asp_passive,RES_0805_1%,,,,,,
B-1000-1k00,Panasonic,ERJ-6ENF1001V,R_0805_2012Metric,98,$0.03,"Resistor, 1k00 ohms 1% 0805 0.125W",,asp_passive,asp_passive,RES_0805_1%,,,,,,
B-1000-1k40,Panasonic,ERJ-6ENF1401V,R_0805_2012Metric,100,$0.03,"Resistor, 1k40 ohms 1% 0805 0.125W",,asp_passive,asp_passive,RES_0805_1%,,,,,,
B-1000-1k43,Panasonic,ERJ-6ENF1431V,R_0805_2012Metric,,$0.03,"Resistor, 1k43 ohms 1% 0805 0.125W",,asp_passive,asp_passive,RES_0805_1%,,,,,,
B-1000-1k50,Panasonic,ERJ-6ENF1501V,R_0805_2012Metric,95,$0.03,"Resistor, 1k50 ohms 1% 0805 0.125W",,asp_passive,asp_passive,RES_0805_1%,,,,,,
B-1000-1k65,Panasonic,ERJ-6ENF1651V,R_0805_2012Metric,46,$0.03,"Resistor, 1k65 ohms 1% 0805 0.125W",,asp_passive,asp_passive,RES_0805_1%,,,,,,
B-1000-1k80,Panasonic,ERJ-6ENF1801V,R_0805_2012Metric,,$0.03,"Resistor, 1k80 ohms 1% 0805 0.125W",,asp_passive,asp_passive,RES_0805_1%,,,,,,
B-1000-2k00,Panasonic,ERJ-6ENF2001V,R_0805_2012Metric,31,$0.03,"Resistor, 2k00 ohms 1% 0805 0.125W",,asp_passive,asp_passive,RES_0805_1%,,,,,,
B-1000-2k20,Panasonic,ERJ-6ENF2201V,R_0805_2012Metric,8,$0.03,"Resistor, 2k20 ohms 1% 0805 0.125W",,asp_passive,asp_passive,RES_0805_1%,,,,,,
B-1000-2k21,Panasonic,ERJ-6ENF2211V,R_0805_2012Metric,100,$0.03,"Resistor, 2k21 ohms 1% 0805 0.125W",,asp_passive,asp_passive,RES_0805_1%,,Yageo,RC0805FR-072K21L,,,
B-1000-2k32,Panasonic,ERJ-6ENF2321V,R_0805_2012Metric,39,$0.03,"Resistor, 2k32 ohms 1% 0805 0.125W",,asp_passive,asp_passive,RES_0805_1%,,,,,,
B-1000-2k49,Panasonic,ERJ-6ENF2491V,R_0805_2012Metric,95,$0.03,"Resistor, 2k49 ohms 1% 0805 0.125W",,asp_passive,asp_passive,RES_0805_1%,,,,,,
B-1000-2k67,Panasonic,ERJ-6ENF2671V,R_0805_2012Metric,88,$0.03,"Resistor, 2k67 ohms 1% 0805 0.125W",,asp_passive,asp_passive,RES_0805_1%,,,,,,
B-1000-2k70,Panasonic,ERJ-6ENF2701V,R_0805_2012Metric,,$0.03,"Resistor, 2k70 ohms 1% 0805 0.125W",,asp_passive,asp_passive,RES_0805_1%,,,,,,
B-1000-3k01,Panasonic,ERJ-6ENF3011V,R_0805_2012Metric,44,$0.03,"Resistor, 3k01 ohms 1% 0805 0.125W",,asp_passive,asp_passive,RES_0805_1%,,,,,,
B-1000-3k09,Panasonic,ERJ-6ENF3091V,R_0805_2012Metric,55,$0.03,"Resistor, 3k09 ohms 1% 0805 0.125W",,asp_passive,asp_passive,RES_0805_1%,,,,,,
B-1000-3k30,Panasonic,ERJ-6ENF3301V,R_0805_2012Metric,,$0.03,"Resistor, 3k30 ohms 1% 0805 0.125W",,asp_passive,asp_passive,RES_0805_1%,,,,,,
B-1000-3k32,Panasonic,ERJ-6ENF3321V,R_0805_2012Metric,53,$0.03,"Resistor, 3k32 ohms 1% 0805 0.125W",,asp_passive,asp_passive,RES_0805_1%,,,,,,
B-1000-3k48,Panasonic,ERJ-6ENF3481V,R_0805_2012Metric,98,$0.03,"Resistor, 3k48 ohms 1% 0805 0.125W",,asp_passive,asp_passive,RES_0805_1%,,Vishay,CRCW08053K48FKEA,,,
B-1000-4k30,Panasonic,ERJ-6ENF4301V,R_0805_2012Metric,100,$0.03,"Resistor, 4k30 ohms 1% 0805 0.125W",,asp_passive,asp_passive,RES_0805_1%,,,,,,
B-1000-4k32,Panasonic,ERJ-6ENF4321V,R_0805_2012Metric,50,$0.03,"Resistor, 4k32 ohms 1% 0805 0.125W",,asp_passive,asp_passive,RES_0805_1%,,,,,,
B-1000-4k42,Panasonic,ERJ-6ENF4421V,R_0805_2012Metric,100,$0.03,"Resistor, 4k42 ohms 1% 0805 0.125W",,asp_passive,asp_passive,RES_0805_1%,,,,,,
B-1000-4k70,Panasonic,ERJ-6ENF4701V,R_0805_2012Metric,92,$0.03,"Resistor, 4k70 ohms 1% 0805 0.125W",,asp_passive,asp_passive,RES_0805_1%,,,,,,
B-1000-4k99,Panasonic,ERJ-6ENF4991V,R_0805_2012Metric,190,$0.03,"Resistor, 4k99 ohms 1% 0805 0.125W",,asp_passive,asp_passive,RES_0805_1%,,,,,,
B-1000-5k11,Panasonic,ERJ-6ENF5111V,R_0805_2012Metric,100,$0.03,"Resistor, 5k11 ohms 1% 0805 0.125W",,asp_passive,asp_passive,RES_0805_1%,,,,,,
B-1000-6k19,Panasonic,ERJ-6ENF6191V,R_0805_2012Metric,148,$0.03,"Resistor, 5619 ohms 1% 0805 0.125W",,asp_passive,asp_passive,RES_0805_1%,,,,,,
B-1000-6k34,Panasonic,ERJ-6ENF6341V,R_0805_2012Metric,0,$0.03,"Resistor, 6k34 ohms 1% 0805 0.125W",,asp_passive,asp_passive,RES_0805_1%,,,,,,
B-1000-6k65,Panasonic,ERJ-6ENF6651V,R_0805_2012Metric,,$0.03,"Resistor, 6k65 ohms 1% 0805 0.125W",,asp_passive,asp_passive,RES_0805_1%,,,,,,
B-1000-6k81,Panasonic,ERJ-6ENF6811V,R_0805_2012Metric,,$0.03,"Resistor, 6k81 ohms 1% 0805 0.125W",,asp_passive,asp_passive,RES_0805_1%,,,,,,
B-1000-7k50,Panasonic,ERJ-6ENF7501V,R_0805_2012Metric,40,$0.03,"Resistor, 7k50 ohms 1% 0805 0.125W",,asp_passive,asp_passive,RES_0805_1%,,,,,,
B-1000-9k76,Panasonic,ERJ-6ENF9761V,R_0805_2012Metric,100,$0.03,"Resistor, 9k76 ohms 1% 0805 0.125W",,asp_passive,asp_passive,RES_0805_1%,,,,,,
B-1000-10k0,Panasonic,ERJ-6ENF1002V,R_0805_2012Metric,87,$0.03,"Resistor, 10k0 ohms 1% 0805 0.125W",,asp_passive,asp_passive,RES_0805_1%,,,,,,
B-1000-12k1,Panasonic,ERJ-6ENF1212V,R_0805_2012Metric,105,$0.03,"Resistor, 12k1 ohms 1% 0805 0.125W",,asp_passive,asp_passive,RES_0805_1%,,,,,,
B-1000-13k0,Panasonic,ERJ-6ENF1302V,R_0805_2012Metric,0,$0.03,"Resistor, 13k0 ohms 1% 0805 0.125W",,asp_passive,asp_passive,RES_0805_1%,,Yageo,RC0805FR-0713KL,,,
B-1000-13k7,Panasonic,ERJ-6ENF1372V,R_0805_2012Metric,48,$0.03,"Resistor, 13k7 ohms 1% 0805 0.125W",,asp_passive,asp_passive,RES_0805_1%,,,,,,
B-1000-14k0,Panasonic,ERJ-6ENF1402V,R_0805_2012Metric,100,$0.03,"Resistor, 14k0 ohms 1% 0805 0.125W",,asp_passive,asp_passive,RES_0805_1%,,,,,,
B-1000-15k0,Panasonic,ERJ-6ENF1502V,R_0805_2012Metric,97,$0.03,"Resistor, 15k0 ohms 1% 0805 0.125W",,asp_passive,asp_passive,RES_0805_1%,,,,,,
B-1000-15k4,Panasonic,ERJ-6ENF1542V,R_0805_2012Metric,24,$0.03,"Resistor, 15k4 ohms 1% 0805 0.125W",,asp_passive,asp_passive,RES_0805_1%,,,,,,
B-1000-17k4,Panasonic,ERJ-6ENF1742V,R_0805_2012Metric,100,$0.03,"Resistor, 17k4 ohms 1% 0805 0.125W",,asp_passive,asp_passive,RES_0805_1%,,,,,,
B-1000-20k0,Panasonic,ERJ-6ENF2002V,R_0805_2012Metric,148,$0.03,"Resistor, 20k0 ohms 1% 0805 0.125W",,asp_passive,asp_passive,RES_0805_1%,,,,,,
B-1000-22k1,Panasonic,ERJ-6ENF2212V,R_0805_2012Metric,37,$0.03,"Resistor, 22k1 ohms 1% 0805 0.125W",,asp_passive,asp_passive,RES_0805_1%,,,,,,
B-1000-22k6,Panasonic,ERJ-6ENF2262V,R_0805_2012Metric,98,$0.03,"Resistor, 22k6 ohms 1% 0805 0.125W",,asp_passive,asp_passive,RES_0805_1%,,,,,,
B-1000-24k0,Panasonic,ERJ-6ENF2402V,R_0805_2012Metric,,$0.03,"Resistor, 24k0 ohms 1% 0805 0.125W",,asp_passive,asp_passive,RES_0805_1%,,,,,,
B-1000-29k4,Panasonic,ERJ-6ENF2942V,R_0805_2012Metric,,$0.03,"Resistor, 29k4 ohms 1% 0805 0.125W",,asp_passive,asp_passive,RES_0805_1%,,,,,,
B-1000-33k0,Panasonic,ERJ-6ENF3302V,R_0805_2012Metric,0,$0.03,"Resistor, 33k0 ohms 1% 0805 0.125W",,asp_passive,asp_passive,RES_0805_1%,,Yageo,RC0805FR-0733KL,,,
B-1000-34k8,Panasonic,ERJ-6ENF3482V,R_0805_2012Metric,100,$0.07,"Resistor, 34k8 ohms 1% 0805 0.125W",,asp_passive,asp_passive,RES_0805_1%,,,,,,
B-1000-37k4,Panasonic,ERJ-6ENF3742V,R_0805_2012Metric,40,$0.03,"Resistor, 37k4 ohms 1% 0805 0.125W",,asp_passive,asp_passive,RES_0805_1%,,,,,,
B-1000-39k2,Panasonic,ERJ-6ENF3922V,R_0805_2012Metric,,$0.03,"Resistor, 39k2 ohms 1% 0805 0.125W",,asp_passive,asp_passive,RES_0805_1%,,,,,,
B-1000-44k2,Panasonic,ERJ-6ENF4422V,R_0805_2012Metric,100,$0.03,"Resistor, 44k2 ohms 1% 0805 0.125W",,asp_passive,asp_passive,RES_0805_1%,,,,,,
B-1000-46k4,Panasonic,ERJ-6ENF4642V,R_0805_2012Metric,23,$0.03,"Resistor, 46k4 ohms 1% 0805 0.125W",,asp_passive,asp_passive,RES_0805_1%,,,,,,
B-1000-47k0,Panasonic,ERJ-6ENF4702V,R_0805_2012Metric,88,$0.03,"Resistor, 47k0 ohms 1% 0805 0.125W",,asp_passive,asp_passive,RES_0805_1%,,,,,,
B-1000-47k5,Panasonic,ERJ-6ENF4752V,R_0805_2012Metric,9,$0.03,"Resistor, 47k5 ohms 1% 0805 0.125W",,asp_passive,asp_passive,RES_0805_1%,,,,,,
B-1000-49k9,Panasonic,ERJ-6ENF4992V,R_0805_2012Metric,,$0.03,"Resistor, 49k9 ohms 1% 0805 0.125W",,asp_passive,asp_passive,RES_0805_1%,,,,,,
B-1000-53k6,Panasonic,ERJ-6ENF5362V,R_0805_2012Metric,,$0.03,"Resistor, 53k6 ohms 1% 0805 0.125W",,asp_passive,asp_passive,RES_0805_1%,,,,,,
B-1000-56k0,Panasonic,ERJ-6ENF5602V,R_0805_2012Metric,100,$0.03,"Resistor, 56k0 ohms 1% 0805 0.125W",,asp_passive,asp_passive,RES_0805_1%,,,,,,
B-1000-100k,Panasonic,ERJ-6ENF1003V,R_0805_2012Metric,89,$0.03,"Resistor, 100k ohms 1% 0805 0.125W",,asp_passive,asp_passive,RES_0805_1%,,,,,,
B-1000-110k,Panasonic,ERJ-6ENF1103V,R_0805_2012Metric,100,$0.03,"Resistor, 110k ohms 1% 0805 0.125W",,asp_passive,asp_passive,RES_0805_1%,,,,,,
B-1000-118k,Panasonic,ERJ-6ENF1183V,R_0805_2012Metric,47,$0.03,"Resistor, 118k ohms 1% 0805 0.125W",,asp_passive,asp_passive,RES_0805_1%,,,,,,
B-1000-121k,Panasonic,ERJ-6ENF1213V,R_0805_2012Metric,97,$0.03,"Resistor, 121k ohms 1% 0805 0.125W",,asp_passive,asp_passive,RES_0805_1%,,,,,,
B-1000-140k,Panasonic,ERJ-6ENF1403V,R_0805_2012Metric,100,$0.03,"Resistor, 140k ohms 1% 0805 0.125W",,asp_passive,asp_passive,RES_0805_1%,,,,,,
B-1000-150k,Panasonic,ERJ-6ENF1503V,R_0805_2012Metric,98,$0.03,"Resistor, 150k ohms 1% 0805 0.125W",,asp_passive,asp_passive,RES_0805_1%,,,,,,
B-1000-180k,Panasonic,ERJ-6ENF1803V,R_0805_2012Metric,96,$0.03,"Resistor, 180k ohms 1% 0805 0.125W",,asp_passive,asp_passive,RES_0805_1%,,,,,,
B-1000-220k,Panasonic,ERJ-6ENF2203V,R_0805_2012Metric,92,$0.03,"Resistor, 220k ohms 1% 0805 0.125W",,asp_passive,asp_passive,RES_0805_1%,,,,,,
B-1000-301k,Panasonic,ERJ-6ENF3013V,R_0805_2012Metric,95,$0.04,"Resistor, 301k ohms 1% 0805 0.125W",,asp_passive,asp_passive,RES_0805_1%,,,,,,
B-1000-430k,Panasonic,ERJ-6ENF4303V,R_0805_2012Metric,,$0.04,"Resistor, 430k ohms 1% 0805 0.125W",,asp_passive,asp_passive,RES_0805_1%,,,,,,
B-1000-442k,Panasonic,ERJ-6ENF4423V,R_0805_2012Metric,98,$0.04,"Resistor, 442k ohms 1% 0805 0.125W",,asp_passive,asp_passive,RES_0805_1%,,,,,,
B-1000-620k,Panasonic,ERJ-6ENF6203V,R_0805_2012Metric,0,$0.03,"Resistor, 620k ohms 1% 0805 0.125W",,asp_passive,asp_passive,RES_0805_1%,,,,,,
B-1000-680k,Panasonic,ERJ-6ENF6803V,R_0805_2012Metric,,$0.03,"Resistor, 680k ohms 1% 0805 0.125W",,asp_passive,asp_passive,RES_0805_1%,,,,,,
B-1000-1M00,Panasonic,ERJ-6ENF1004V,R_0805_2012Metric,100,$0.04,"Resistor, 1M00 ohms 1% 0805 0.125W",,asp_passive,asp_passive,RES_0805_1%,,,,,,
B-1000-1M50,Panasonic,ERJ-6ENF1504V,R_0805_2012Metric,95,$0.04,"Resistor, 1M50 ohms 1% 0805 0.125W",,asp_passive,asp_passive,RES_0805_1%,,,,,,
B-1000-3M00,Yageo,AC0805FR-073ML,R_0805_2012Metric,100,$0.02,"Resistor, 3M00 ohms 1% 0805 0.125W",,asp_passive,asp_passive,RES_0805_1%,,,,,,
B-1001-4R99,Vishay,CRCW25124R99FKEG,R2512,7,$0.22,"Resistor, 4R99 ohms 1% 2512 1W",,asp_passive,asp_passive,RES_2512_1%,,,,,,
B-1001-10R0,Vishay,CRCW251210R0FKEG,R2512,,$0.21,"Resistor, 10R1 ohms 1% 2512 1W",,asp_passive,asp_passive,RES_2512_1%,,,,,,
B-1002-60R4,Panasonic,ERJ-P06F60R4V,R0805,,$0.11,"Resistor, 60R4 ohms 1% 0805 0.25W",,asp_passive,asp_passive,RES_0805_1%_0.25W,,,,,,
B-1003-0R00,Panasonic,6GEY0R00V,R_0805_2012Metric,42,$0.04,"Resistor, 0 ohms 5% 0805 0.125W",,asp_passive,asp_passive,RES_0805_5%,,,,,,
B-1004-5R10,Panasonic,ERJ-8RQF5R1V,R1206,29,$0.22,"Resistor, 5R10 ohms 1% 1206 0.25W",,asp_passive,asp_passive,RES_1206_1%_0.25W,,,,,,
B-1005-10R0,Panasonic,ERJ-8ENF10R0V,R1206,100,$0.04,"Resistor, 10R0 ohms 1% 1206 0.25W",,,,,,,,,,
B-1005-243R,Panasonic,ERJ-8ENF2430V,R1206,83,$0.04,"Resistor, 243R ohms 1% 1206 0.125W",,asp_passive,asp_passive,RES_1206_1%,,,,,,
B-1005-715R,Panasonic,ERJ-6ENF7150V,R1206,9,$0.04,"Resistor, 715R ohms 1% 0805 0.125W",,,,,,,,,,
B-1005-3k32,Panasonic,ERJ-8ENF3321V,R1206,8,$0.04,"Resistor, 3k32 ohms 1% 1206 0.25W",,asp_passive,asp_passive,RES_1206_1%,,,,,,
B-1006-17k8,Panasonic,ERJ-14NF1782U,R1210,75,$0.10,"Resistor, 17k8 ohms 1% 1210 0.5W",,,,,,,,,,
B-1007-6k81,Panasonic,ERJ-12SF6811U,R2010,55,$0.27,"Resistor, 6k81 ohms 1% 2010 0.75W",,,,,,,,,,
B-1008-56k0,Panasonic,ERA-6AEB563V,R0805,60,$0.25,"Resistor, 56k0 ohms 0.1% 0805 0.125W",,,,,,,,,,
B-1009-5R10,Rohm,ESR10EZPF5R10,R0805,93,$0.14,"Resistor, 5R10 ohms 1% 0805 400mW",,asp_passive,asp_passive,RES_0805_1%_0.40W,,,,,,
B-1010-6k81,Panasonic,ERJ-P06F6811V,R0805,100,$0.09,"Resistor, 6k81 ohms 1% 0805 0.5W thick film",,asp_passive,asp_passive,RES_0805_1%_0.50W,,,,,,
C-1000-4.7pF,Vishay,VJ0805A4R7CXACW1BC,C_0805_2012Metric,100,$0.11,"Capacitor, 4.7 pF 5% 0805 C0G 50V ",,asp_passive,asp_passive,CAP_0805_50V_5%,All C0G 50V 0805 caps,,,,,
C-1000-6.8pF,Vishay,VJ0805A6R8BXACW1BC,C_0805_2012Metric,93,$0.08,"Capacitor, 6.8 pF 5% 0805 C0G 50V ",,asp_passive,asp_passive,CAP_0805_50V_5%,All C0G 50V 0805 caps,,,,,
C-1000-10pF,Vishay,VJ0805A100JXACW1BC,C_0805_2012Metric,,$0.08,"Capacitor, 10 pF 5% 0805 C0G 50V ",,asp_passive,asp_passive,CAP_0805_50V_5%,All C0G 50V 0805 caps,,,,,
C-1000-18pF,Vishay,VJ0805A180JXACW1BC,C_0805_2012Metric,50,$0.08,"Capacitor, 18 pF 5% 0805 C0G 50V ",,asp_passive,asp_passive,CAP_0805_50V_5%,All C0G 50V 0805 caps,,,,,
C-1000-22pF,Vishay,VJ0805A220JXACW1BC,C_0805_2012Metric,,$0.08,"Capacitor, 22 pF 5% 0805 C0G 50V ",,asp_passive,asp_passive,CAP_0805_50V_5%,All C0G 50V 0805 caps,,,,,
C-1000-47pF,Vishay,VJ0805A470JXACW1BC,C_0805_2012Metric,150,$0.08,"Capacitor, 47 pF 5% 0805 C0G 50V ",,asp_passive,asp_passive,CAP_0805_50V_5%,All C0G 50V 0805 caps,,,,,
C-1000-68pF,Vishay,VJ0805A680JXACW1BC,C_0805_2012Metric,100,$0.10,"Capacitor, 68 pF 5% 0805 C0G 50V ",,asp_passive,asp_passive,CAP_0805_50V_5%,All C0G 50V 0805 caps,,,,,
C-1000-100pF,Vishay,VJ0805A101JXACW1BC,C_0805_2012Metric,164,$0.08,"Capacitor, 100 pF 5% 0805 C0G 50V ",,asp_passive,asp_passive,CAP_0805_50V_5%,All C0G 50V 0805 caps,,,,,
C-1000-150pF,Vishay,VJ0805A151JXACW1BC,C_0805_2012Metric,35,$0.08,"Capacitor, 150 pF 5% 0805 C0G 50V ",,asp_passive,asp_passive,CAP_0805_50V_5%,All C0G 50V 0805 caps,,,,,
C-1000-220pF,Vishay,VJ0805A221JXACW1BC,C_0805_2012Metric,40,$0.08,"Capacitor, 220 pF 5% 0805 C0G 50V ",,asp_passive,asp_passive,CAP_0805_50V_5%,All C0G 50V 0805 caps,,,,,
C-1000-330pF,Vishay,VJ0805A331JXACW1BC,C_0805_2012Metric,20,$0.08,"Capacitor, 330 pF 5% 0805 C0G 50V ",,asp_passive,asp_passive,CAP_0805_50V_5%,All C0G 50V 0805 caps,,,,,
C-1000-470pF,Vishay,VJ0805A471JXACW1BC,C_0805_2012Metric,144,$0.08,"Capacitor, 470 pF 5% 0805 C0G 50V ",,asp_passive,asp_passive,CAP_0805_50V_5%,All C0G 50V 0805 caps,,,,,
C-1000-560pF,Vishay,VJ0805A561JXACW1BC,C_0805_2012Metric,,$0.08,"Capacitor, 560 pF 5% 0805 C0G 50V ",,asp_passive,asp_passive,CAP_0805_50V_5%,All C0G 50V 0805 caps,,,,,
C-1000-1000pF,Vishay,VJ0805A102JXACW1BC,C_0805_2012Metric,240,$0.08,"Capacitor, 1000 pF 5% 0805 C0G 50V ",,asp_passive,asp_passive,CAP_0805_50V_5%,All C0G 50V 0805 caps,Vishay,VJ0805A272JXACW1BC,,,
C-1000-1800pF,Vishay,VJ0805A182JXACW1BC,C_0805_2012Metric,250,$0.08,"Capacitor, 1800 pF 5% 0805 C0G 50V ",,asp_passive,asp_passive,CAP_0805_50V_5%,All C0G 50V 0805 caps,,,,,
C-1000-2200pF,Vishay,VJ0805A222JXACW1BC,C_0805_2012Metric,94,$0.22,"Capacitor, 2200 pF 5% 0805 C0G 50V ",,asp_passive,asp_passive,CAP_0805_50V_5%,All C0G 50V 0805 caps,,,,,
C-1000-2700pF,Murata,GRM2165C1H272JA01D,C_0805_2012Metric,98,$0.08,"Capacitor, 2700 pF 5% 0805 C0G 50V ",,asp_passive,asp_passive,CAP_0805_50V_5%,All C0G 50V 0805 caps,TDK,C2012C0G1H272J060AA,,,
C-1000-8200pF,Murata,GRM2195C1H822JA01D,C_0805_2012Metric,85,$0.19,"Capacitor, 8200 pF 5% 0805 C0G 50V ",,asp_passive,asp_passive,CAP_0805_50V_5%,All C0G 50V 0805 caps,,,,,
C-1001-4.7nF,AVX,08055C472KAT2A,C_0805_2012Metric,95,$0.10,"Capacitor, 4.7nF 10% 0805 X7R 50V",,asp_passive,asp_passive,CAP_0805_50V_10%,All X7R 50V 0805 caps,,,,,
C-1001-6.8nF,AVX,08055C682KAT2A,C_0805_2012Metric,,$0.08,"Capacitor, 6.8nF 10% 0805 X7R 50V",,asp_passive,asp_passive,CAP_0805_50V_10%,All X7R 50V 0805 caps,,,,,
C-1001-8.2nF,AVX,08055C822KAT2A,C_0805_2012Metric,98,$0.08,"Capacitor, 8.2nF 10% 0805 X7R 50V",,asp_passive,asp_passive,CAP_0805_50V_10%,All X7R 50V 0805 caps,,,,,
C-1001-10nF,AVX,08055C103KAT2A,C_0805_2012Metric,44,$0.04,"Capacitor, 10 nF 10% 0805 X7R 50V ",,asp_passive,asp_passive,CAP_0805_50V_10%,All X7R 50V 0805 caps,,,,,
C-1001-22nF,AVX,08055C223KAT2A,C_0805_2012Metric,46,$0.08,"Capacitor, 22 nF 10% 0805 X7R 50V ",,asp_passive,asp_passive,CAP_0805_50V_10%,All X7R 50V 0805 caps,,,,,
C-1001-33nF,AVX,08055C333KAT2A,C_0805_2012Metric,,$0.08,"Capacitor, 33 nF 10% 0805 X7R 50V ",,asp_passive,asp_passive,CAP_0805_50V_10%,All X7R 50V 0805 caps,,,,,
C-1001-47nF,AVX,08055C473KAT2A,C_0805_2012Metric,93,$0.11,"Capacitor, 47 nF 10% 0805 X7R 50V ",,asp_passive,asp_passive,CAP_0805_50V_10%,All X7R 50V 0805 caps,,,,,
C-1001-82nF,AVX,08055C823KAT2A,C_0805_2012Metric,48,$0.08,"Capacitor, 82 nF 10% 0805 X7R 50V",,asp_passive,asp_passive,CAP_0805_50V_10%,All X7R 50V 0805 caps,,,,,
C-1001-100nF,AVX,08055C104KAT2A,C_0805_2012Metric,758,$0.04,"Capacitor, 100 nF 10% 0805 X7R 50V",,asp_passive,asp_passive,CAP_0805_50V_10%,All X7R 50V 0805 caps,,,,,
C-1001-150nF,AVX,08055C154KAT2A,C_0805_2012Metric,36,$0.35,"Capacitor, 150 nF 10% 0805 X7R 50V",,asp_passive,asp_passive,CAP_0805_50V_10%,All X7R 50V 0805 caps,,,,,
C-1001-330nF,AVX,08055C334KAT2A,C_0805_2012Metric,18,$0.27,"Capacitor, 330 nF 10% 0805 X7R 50V",,asp_passive,asp_passive,CAP_0805_50V_10%,All X7R 50V 0805 caps,,,,,
C-1001-470nF,AVX,08055C474KAT2A,C_0805_2012Metric,53,$0.35,"Capacitor, 470 nF 10% 0805 X7R 50V",,asp_passive,asp_passive,CAP_0805_50V_10%,All X7R 50V 0805 caps,,,,,
C-1002-1uF,AVX,0805YC105KAT2A,C_0805_2012Metric,25,$0.13,"Capacitor, 1uF 10% 0805 X7R 16V",,asp_passive,asp_passive,CAP_0805_16V_10%,All X7R 16V 0805 caps,,,,,
C-1002-2.2uF,AVX,0805YC225KAT2A,C_0805_2012Metric,15,$0.76,"Capacitor, 2.2uF 10% 0805 X7R 16V",,asp_passive,asp_passive,CAP_0805_16V_10%,All X7R 16V 0805 caps,,,,,
C-1003-4.7uF,AVX,08056D475KAT2A,C0805,,$0.30,"Capacitor, 4.7uF 10% 0805 X5R 6.3V",,asp_passive,asp_passive,CAP_0805_6.3V_10%,All X5R 6.3V 0805 caps,,,,,
C-1004-10uF,Nichicon,UWP1H100MCL1GB,CAP-ELECT-E,42,$0.60,"Capacitor, 10uF 20% 50V Bipolar SMD",,asp_passive,asp_passive,CAP_E_50V_20%_BP,50V bipolar electrolytic,,,,,
C-1005-10uF,Panasonic,ECE-A1HN100U,CPBP_Radial_D6.3mm_P2.50mm,376,$0.23,"Capacitor, 10uF 20% 50V Bipolar THT",CAP-AEBP-6.3D-2.5P,asp_passive,asp_passive,CAP-AEBP-6.3D-2.5P,Bipolar caps in this size (12L/6.3D/2.5P),,,,,
C-1006-1000uF,Nichicon,UVZ1V102MHD,CAP-AE-12.5D-5.0P,36,$0.39,"Capacitor, 1000uF 20% 35V THT ",CAP-AE-12.5D-5.0P,asp_passive,asp_passive,CAP-AE-12.5D-5.0P,Polarized caps in this size,,,,,
C-1007-220uF,Panasonic,EEU-FR1C221,CAP-AE-6.3D-2.5P,,$0.10,"Capacitor, 220uF 20% 16V THT",CAP-AE-6.3D-2.5P,asp_passive,asp_passive,CAP-AE-6.3D-2.5P,Polarized caps in this size,,,,,
C-1008-10uF,AVX,12103C106KAT2A,C_1210_3225Metric.kicad_mod,182,$0.70,"Capacitor, 10uF 10% 1210 X7R 25V",,asp_passive,asp_passive,CAP_1210_25V_10%,All X7R 25V 1210 caps,Murata,GRM32DR71E106KA12K,,,
C-1009-4.7uF,AVX,08053D475KAT2A,C0805,,$0.30,"Capacitor, 4.7uF 10% 0805 X5R 25V",,asp_passive,asp_passive,CAP_0805_25V_10%,All X5R 25V 0805 caps,,,,,
C-1010-33uF,Kemet,T520T336M010ATE040,C3528-12-T,,$1.60,"Capacitor, 33uF 20% 10V Tantalum “T” case	",CAP-TANT-20%-10V,asp_passive,asp_passive,,,,,,,
C-1011-47uF,Nichicon,UKL1H470KPDANA,CAP-AEBP-8D-3.5P,152,$0.20,"Capacitor, 47uF 20% 50V Bipolar THT",CAP-AEBP-8D-3.5P,asp_passive,asp_passive,CAP-AEBP-8D-3.5P,Bipolar caps in this size,Jameco,RN47/50-R,,,
C-1012-470pF,AVX,W2F11A4718AT1A,CF0805,276,$0.24,"Capacitor, 470pF 100V NP0 Feedthrough Cap ",CF0805,asp_passive,asp_passive,CAP_FT_0805_100V,NP0 feedthrough cap in this size,,,,,
C-1013-100nF,AVX,12065C104KAT2A,C1206,15,$0.10,"Capacitor, 100 nF 10% 1206 X7R 50V ",,,,,,,,,,
C-1014-10uF,Panasonic,EEE-FK1V100R,CP_Elec_5x5.8,50,$0.32,"Capacitor, 10uF 20% 35V 2K hours 105C",CAP_S_FK_C_35,asp_passive,asp_passive,CAP_S_FK_C,"Panasonic FK series, C size 35V",,,,,
C-1015-4.7uF,Panasonic,EEE-1ES4R7SR,CAP-ELECT-A,48,$0.00,"Capacitor, 4.7uF 20% 25V 2K hours 85C ",CAP_S_S_A_25,asp_passive,asp_passive,CAP_S_S_C,"Panasonic S/VS series, A size (OBSOLETE)",,,,,
C-1016-2.2uF,Panasonic,EEE-FC1V2R2R,CAP-ELECT-B,34,$0.26,"Capacitor, 2.2uF 20% 35V 1K hours 105C ",CAP_S_FC_B_35,,,,Panasonic FC series B size 35V,,,,,
C-1017-100uF,Panasonic,EEE-FC1C101P,CAP-ELECT-E,15,$0.49,"Capacitor, 100uF 20% 16V 1K hours 105C ",CAP_S_FC_E_16,,,,Panasonic FC series E size 16V,,,,,
C-1018-10uF,Panasonic,EEE-1CS100SR,CAP-ELECT-A,33,$0.00,"Capacitor, 10uF 20% 16V 2K hours 85C",CAP_S_S_A_16,,,,"Panasonic S series, A size 16V (OBSOLETE)",,,,,
C-1019-22uF,Panasonic,EEE-FK1H220P,CAP-ELECT-D,36,$0.30,"Capacitor, 22uF 20% 50V 2K hours 105C",CAP_S_FK_D_50,,,,"Panasonic FK series, D size 50V",,,,,
C-1020-10uF,Panasonic,ECA-1HM100,CAP-AE-5.0D-11.0L,26,$0.07,"Capacitor, 10uF 20% 50V 2K hours 85C",CAP_T_M_5_11_50,asp_passive,asp_passive,,"Panasonic M series, x size 50V",,,,,
C-1020-22uF,Panasonic,ECA-1HM220,CAP-AE-5.0D-11.0L,25,$0.22,"Capacitor, 22uF 20% 50V 2K hours 85C",CAP_T_M_5_11_50,asp_passive,asp_passive,,,,,,,
C-1021-47uF,Panasonic,ECA-1JM470,CAP-AE-6.3D-11.2L,24,$0.15,"Capacitor, 47uF 20% 63V 2K hours 85C ",CAP_T_M_6.3_11.2_63,asp_passive,asp_passive,,,,,,,
C-1022-220uF,Panasonic,ECA-1JM221,CAP-AE-10.0D-16.0L,15,$0.50,"Capacitor, 220uF 20% 63V 2K hours 85C ",CAP_T_M_10_16_63,asp_passive,asp_passive,,,,,,,
C-1023-470uF,Panasonic,ECA-1VM471,CAP-AE-10.0D-16.0L,3,$0.47,"Capacitor, 470uF 20% 35V 2K hours 85C ",CAP_T_M_10_16_35,asp_passive,asp_passive,,,,,,,
C-1024-22uF,Panasonic,ECA-1JM220,CAP-AE-5.0D-11.0L,9,$0.11,"Capacitor, 22uF 20% 63V 2K hours 85C",CAP_T_M_5_11_63,,,,,,,,,
C-1025-1uF,AVX,12063C105KAT2A,C1206,9,$0.17,"Capacitor, 1uF 10% 1206 X7R 25V",,,,,,,,,,
C-1026-47uF,Nichicon,RSS1E470MCN1GS,CP_Elec_6.3x5.7,9,$0.80,"Capacitor, 47uF 20% 25V 2k hrs 105C 30mOhm ESR (org. polymer)",CAP_S_SS_6.3_5.7_25,asp_passive,asp_passive,,Nichicon SS family LOW ESR organic Polymer,,,,,
C-1027-10uF,Taiyo Yuden,TMK316BJ106KL-T,C1206,80,$0.10,"Capacitor, 10uF 10% 1206 X5R 25V",,asp_passive,asp_passive,CAP_1206_25V_10%,,,,,,
C-1028-1uF,Taiyo Yuden,GMK212B7105KG-T,C_0805_2012Metric,100,$0.10,"Capacitor, 1uF 10% 0805 X7R 35V 1.25mm high",,asp_passive,asp_passive,CAP_0805_35V_10%,,,,,,
C-1028-3.3uF,TDK,CGA4J1X7R1V335K125AC,C_0805_2012Metric,100,$0.25,"Capacitor, 3.3uF 10% 0805 X7R 35V 1.25mm high",,asp_passive,asp_passive,CAP_0805_35V_10%,,,,,,
C-1028-4.7uF,TDK,CGA4J1X7R1V475K125AC,C_0805_2012Metric,50,$0.25,"Capacitor, 4.7uF 10% 0805 X7R 35V 1.25mm high",,asp_passive,asp_passive,CAP_0805_35V_10%,,,,,,
C-1029-15uF,Wurth,865080542005,CP_Elec_5x5.3,,$0.18,"Capacitor, 15uF 20% 35V Al SMT 5x5.5 2k hours 105C",CAP_S_5x5.5_35,asp_passive,asp_passive,,Wurth 5w x 5.5h SMT Alum. 35V,,,,,
D-1000-0,Fairchild,MMBT2222A,SOT-23,26,$0.10,"Transistor, NPN, Vceo = 40V, Ic = 1 A",MMBT2222A,asp_discrete,asp_discrete,,,,,,,
D-1001-0,Fairchild,MMBT3906,SOT-23,84,$0.14,"Transistor, PNP Vceo = -40V Ic = 0.2A",MMBT3906,,,,,,,,,
D-1002-0,Fairchild,MMBT3904,SOT-23,4,$0.13,"Transistor, NPN Vceo= 40V Ic= 0.2A",MMBT3904,,,,,,,,,
D-1003-0,Fairchild,MPSA42,TO-92,10,$0.23,"Transistor, NPN, Vceo = 300V, Ic = 0.5 A",MPSA42,,,,,,,,,
D-1004-0,Fairchild,MMBTA55,SOT-23,43,$0.18,"Transistor, PNP, Vceo = 60V, Ic = 0.5 A",MMBTA55,,,,,,,,,
D-1005-0,ON Semi,NTR1P02LT3G,SOT-23,84,$0.20,"MOSFET, P-Channel, -20V, -1.3A, 220mOhm Rdson",,asp_discrete,asp_discrete,,,,,,,
D-1006-0,Diodes,ZXMP6A13F,SOT-23,25,$0.40,"MOSFET, P-Channel, -60V, -0.8A, 400mOhm Rdson",,asp_discrete,asp_discrete,,,,,,,
D-1007-0,ON Semi,MMBTA05L,SOT-23,25,$0.15,"Transistor, NPN Vceo= 60V Ic= 0.5A",,asp_discrete,asp_discrete,,,,,,,
D-1008-0,Nexperia,BC850CS235,SOT-23,0,$0.18,"Transistor, NPN Vceo=45V Ic=100mA NF=4dB hFE=500",BC850C,asp_discrete,asp_discrete,,,,,,,
D-1009-0,ON Semi,MMBF5485,SOT-23,0,$0.13,"JFET, N-Channel, -25V, 10mA",,asp_discrete,asp_discrete,,,,,,,
E-1000-0,Lumex,SSL-LX3044YD,LED-3mm-yellow,100,$0.12,"LED, 3mm, yellow, 0.1” pitch, 60º viewing",LED_3mm_YELLOW,asp_discrete,asp_discrete,,generic 3mm yellow LED 0.1” pitch,Everlight,EALP03RDAYA4,,,
E-1000-1,Lumex,SSL-LX3044GD,LED-3mm-green,100,$0.10,"LED, 3mm, green, 0.1” pitch, 60º viewing",LED_3mm_GREEN,asp_discrete,asp_discrete,,generic 3mm green LED 0.1” pitch,Everlight,EALP03RDCGA5,,,
E-1000-2,Lumex,SSL-LX3044HD,LED-3mm-red,200,$0.08,"LED, 3mm, red, 0.1” pitch, 60º viewing",LED_3mm_RED,asp_discrete,asp_discrete,,generic 3mm red LED 0.1” pitch,Everlight,EALP03RDCRA3,,,afp://rosewood-nas._afpovertcp._tcp.local/rwnas-andy/datasheets/Lite-On/LTL-4203.PDF
E-1001-0,Diodes,1N5819HW-7-F,SOD-123,30,$0.50,"Diode, Schottky, 40V, 1A",1N5819HW-7,asp_discrete,asp_discrete,,,,,,,
E-1002-0,Fairchild,1N4004,DO-41,80,$0.05,"Diode, Rectifier, 400V, 1A",1N4004,asp_discrete,asp_discrete,,,,,,,
E-1003-0,Fairchild,MBRS140,DO-214AA,9,$0.36,"Diode, Schottky, 40V, 1A",,asp_discrete,asp_discrete,,,,,,,
E-1004-0,On Semi,MBRA120ET3G,DO-214AC,40,$0.38,"Diode, Schottky, 20V, 1A",MBRA120,asp_discrete,asp_discrete,,,,,,,
E-1005-0,Fairchild,MBR0520L,SOD-123,,$0.35,"Diode, Schottky, 20V, 0.5A",MBR0520,asp_discrete,asp_discrete,,,,,,,
E-1006-0,Diodes,SDM40E20LS-7,SOT-23,30,$0.50,"Diode, Dual series Schottky, 20V 0.4A",,asp_discrete,asp_discrete,,,,,,,
E-1007-0,Vishay,SSA23L-E3/61T,DO-214AC,,$0.18,"Diode, Schottky, 30V 2A",SSA23L,asp_discrete,asp_discrete,,,,,,,
E-1008-0,Vishay,SSB43L-E3,DO-214AA,,$0.18,"Diode, Schottky, 40V, 4A",SSB43L,asp_discrete,asp_discrete,,,,,,,
E-1009-0,Fairchild,1N4003,DO-41,,$0.12,"Diode, 1N4003 Rectifier, 200V, 1A",1N4003,,,,,,,,,
E-1010-0,Fairchild,1N4735A,DO-41,9,$0.16,"Diode, 1N4735 6.2V 1W Zener",1N4735,,,,,,,,,
E-1011-0,Vishay,BZT52C12-E3-08,SOD-123,50,$0.05,"Diode, 1BZT52C12 12V 0.41W Zener",BZT52C12,,,,,,,,,
E-1012-0,Vishay,1N4148W-E8-08,SOD-123,10,$0.13,"Diode, 1N4148W rectifier",1N4148W,,,,,,,,,
E-1013-0,ON Semi,BZX84C47LT1G,SOT-23,10,$0.13,"Diode, BZX84C47LT1G 47V 225mW Zener",BZX84C47LT1G,,,,,,,,,
E-1014-0,Fairchild,MMSZ5234B,SOD-123,20,$0.14,"Diode, MMSZ5234B 6.2V 500mW Zener",MMDZ5234B,,,,,,,,,
E-1015-0,ON Semi,BAS70-04LT1G,SOT-23,8,$0.19,"Diode, BAS70-04 dual series schottky",BAS70-04,,,,,,,,,
E-1016-0,Lite-On,LTL-4253,LED-5mm-yellow,20,$0.07,"LED, 5mm, yellow",,,,,,,,,,
E-1016-1,Lite-On,LTL-4233,LED-5mm-green,20,$0.07,"LED, 5mm, green",,,,,,,,,,
E-1016-2,Lite-On,LTL-4223,LED-5mm-red,50,$0.07,"LED, 5mm, red",,,,,,,,,,
E-1017-0,ON Semi,MBRS360BT3G,D_SMB,54,$0.34,"Diode, MBRS360BR3G Schottky 60V 4A",MBRS360BT3G,asp_discrete,asp_discrete,,,,,,,
E-1018-0,MCC,SMBJP6KE20A,D_SMB,18,$0.28,"Diode, TVS 17.1V",,asp_discrete,asp_discrete,,,,,,,
E-1019-0,Vishay,1N4148W-V,D_SOD-123,22,$0.14,"Diode, General purpose 100V PIV 150mA If",,,,,,,,,,
E-1020-0,Kingbright,WP1043GD,KB-WP1043,42,$0.28,"LED, Green, Single LED Bar 3.65 x 6.15mm",,asp_discrete,asp_discrete,,,,,,,
E-1020-1,Kingbright,WP1043ID,KB-WP1043,21,$0.28,"LED, Red, Single LED Bar 3.65 x 6.15mm",,asp_discrete,asp_discrete,,,,,,,
E-1020-2,Kingbright,WP1043YD,KB-WP1043,22,$0.28,"LED, Yellow, Single LED Bar 3.65 x 6.15mm",,asp_discrete,asp_discrete,,,,,,,
E-1021-0,Nexperia,PMEG6010CEJ,D_SOD-323F,100,$0.30,"Diode, Schottky, 60V 1A Vf=660 mV",,asp_discrete,asp_discrete,,,,,,,
E-1022-0,ST,1N5818,DO-41,20,$0.20,"Diode, Schottky, 30V, 1A Vf=0.5V",,asp_discrete,asp_discrete,,,,,,,
E-1023-0,Diodes,MMSZ5231B-7-F,SOD-123,0,$0.12,"Diode, Zener 5.1V 500mW SOD-123",,asp_discrete,asp_discrete,,,,,,,
E-1024-0,Littelfuse,SP0505BAHTG,SOT23-6_Handsoldered,20,$0.85,"Diode, array of 5, TVS 5.5V",,asp_discrete,asp_ic,,,,,,,
E-1025-0,Nexperia,"BAS40-07,215
",SOT-143B,100,$0.27,"Diode, BAS40 Schottky dual isolated 40V 120mA",BAS40-07,asp_discrete,asp_discrete,,,,,,,
E-1026-0,Kingbright,WP115WGYW,LED_D3.0mm-3,0,$0.20,"LED, 3mm, bicolor green/yellow common cathode",,asp_discrete,asp_discrete,,,,,,,
E-1027-0,Kingbright,WP59EGW/CA,LED_D5.0mm-3,20,$0.30,"LED, 5mm, bicolor green/red common anode",WP59EGW_CA,asp_discrete,asp_discrete,,,,,,,
F-1000-0,Neutrik,NC3FAH,NC3FAH,,$1.49,"Connector, XLR3F panel mount, no separate ground, with latch",,asp_connector,asp_connector,,,,,,,
F-1000-1,Neutrik,NC3FAH1,NC3FAH,100,$1.49,"Connector, XLR3F panel mount, pin 1 is ground",,asp_connector,asp_connector,,,,,,,
F-1000-2,Neutrik,NC3FAH2,NC3FAH2,,$1.49,"Connector, XLR3F panel mount, separate ground",,asp_connector,asp_connector,,,,,,,
F-1001-0,Neutrik,NC3MAH,NC3MAH,13,$1.49,"Connector, XLR3M panel mount",,asp_connector,asp_connector,,,,,,,
F-1001-1,Neutrik,NC3MAH1,NC3MAH,,$1.00,"Connector, XLR3M panel mount, pin 1 is ground",,asp_connector,asp_connector,,,,,,,
F-1002-0,CTS,288V232R161B2,CTS-MC-288V,,$3.50,"Encoder, 2-bit with switch, vertical PCB mount",ROT_ENC_PB,asp_connector,asp_connector,,,,,,,
F-1003-0,Samtec,FTSH-105-01-F-D-K,FTSH-105,,$2.00,"Connector, 0.05” THT 2x5",CON-2x5-0p50,asp_connector,asp_connector,,ARM debug header,,,,,
F-1004-0,C&K,PVA1OAH1,PVA1,,$1.10,"Switch, DPST momentary 17.5mm height",DPST-MOM-PB-17p5,asp_connector,asp_connector,,DPST 9.2mm x 9.8mm,,,,,
F-1004-1,C&K,PVA1OAH2,PVA1,,$1.20,"Switch, DPST momentary 23mm height",DPST-MOM-PB-23,asp_connector,asp_connector,,,,,,,
F-1005-0,C&K,PVA20AH11.7NV2,PVA2,15,$1.21,"Switch, DPDT momentary 17.5mm height",DPDT-MOM-PB-17p5,asp_connector,asp_connector,,DPDT 9.2mm x 9.8mm,,,,,
F-1005-1,C&K,PVA2OAH2,PVA2,,$1.20,"Switch, DPDT momentary 23mm height",DPDT-MOM-PB-23,asp_connector,asp_connector,,,,,,,
F-1006-0,Tyco,1217167-1,FASTON-0.25-PCB,,$0.10,"Connector, Faston 0.25” tab",FASTON-0.25-PCB,asp_connector,asp_connector,,,,,,,
F-1007-0,Neutrik,NSJ12HF-1,NSJ12,10,$2.14,"Connector, stacked dual 1/4” TRS normalling jack (full screw nose)",NSJ12HF-1,asp_connector,asp_connector,,,,,,,
F-1008-0,Switchcraft,RASM722PX,SC-RASMP,5,$1.24,"Connector, DC Power, SMT Right Angle, 2.1/5.5 w/alignment",RASM722PX,asp_connector,asp_connector,,,,,,,
F-1008-1,Switchcraft,RASM722X,SC-RASM,1,$1.05,"Connector, DC Power, SMT Right Angle, 2.1mm pin 5.5mm outer",RASM722X,asp_connector,asp_connector,,,,,,,
F-1009-0,Neutrik,NMJ6HCD2,NMJ6HCD2,,$1.25,"Connector, 1/4”  TRS normalling jack, ferrule instead of nut",NMJ6HCD2,asp_connector,asp_connector,,,,,,,
F-1010-0,Molex,67068-8000,USB-B-RA,,$1.35,"Connector, USB Type B Right Angle",USB-B-RA,asp_connector,asp_connector,,Molex is a different size than FCI/Amphenol,,,,,
F-1011-0,Bourns,PEC16-4020F-S0012,PEC16-4X20F-S,,$1.00,"Encoder, 2-bit with switch, no detent, 16mm body",ROT_ENC_PB_16mm,asp_connector,asp_connector,,,,,,,
F-1012-0,Avago,AFBR-5803Z,SC_1X9_DUAL,,$30.00,"Transceiver, 100 Mb/s FDDI 1x9 SC connectors",AFBR-5808Z,asp_connector,asp_connector,,,,,,,
F-1013-0,PUI,POM-2738P-C33-R,MIC-6mm-THT,,$2.00,"Microphone, Electret Condenser -38 dB 2.2kOhm 6mm",MIC-6mm-THT,asp_connector,asp_connector,,,,,,,
F-1014-0,NKK,JB15LPF-JF,NKK-JB15LPF-JF,23,$3.05,"Switch, SPST Momentary, 11.2mm height, Green LED",SPST-MOM-PB-LEDG,asp_connector,asp_connector,,,,,,,
F-1014-1,NKK,JB15LPC-JC,NKK-JB15LPC-JC,6,$3.05,"Switch, SPST Momentary, 11.2mm height, Red LED",SPST-MOM-PB-LEDR,asp_connector,asp_connector,,,,,,,
F-1014-2,NKK,JB15LPE-JE,NKK-JB15LPE-JE,6,$3.05,"Switch, SPST Momentary, 11.2mm height, Yellow LED",SPST-MOM-PB-LEDY,asp_connector,asp_connector,,,,,,,
F-1015-0,CUI,RCJ-2223,CUI-RCJ-22XX,,$1.10,"Connector, RCA dual red/white  RA stacking",RCA-DUAL-VERT,asp_connector,asp_connector,,,,,,,
F-1016-0,CUI,RCJ-2123,CUI-RCJ-21XX,1,$1.65,"Connector, RCA dual red/white RA side-by-side (isolated ground)",RCA-DUAL-HORIZ,asp_connector,asp_connector,,,,,,,
F-1017-0,Keystone,8190-SEMS,TERM-RA,,$0.40,"Terminal, screw, right angle",TERM-RA,asp_connector,asp_connector,,"right angle screw terminal, 6-32",,,,,
F-1018-0,Keystone,1249,TP-047,0,$0.18,"Test point, 0.047”",TP-047,asp_connector,asp_connector,,,,,,,
F-1019-0,CUI,PJ-066A,CUI-PJ-06X,,$2.00,"Connector, DC Power, THT Right Angle, 2.1mm 5.5mm panel mt",PJ-066A,asp_connector,asp_connector,,,,,,,
F-1020-0,Switchcraft,RA49C14B,SC-RA49C,3,$3.20,"Connector, 1/4"" TRS normalling jack, right angle",RA49C14B,asp_connector,asp_connector,,,,,,,
F-1020-1,Switchcraft,RA49C12B,SC-RA49C,,$3.77,"Connector, 1/4"" TRS non-normalling jack, right angle",RA49C12B,asp_connector,asp_connector,,,,,,,
F-1020-2,Switchcraft,RA49C12A,SC-RA49C,,$2.95,"Connector, 1/4"" TS normalling jack, right angle",RA49C12A,asp_connector,asp_connector,,,,,,,
F-1020-3,Switchcraft,RA49C11,SC-RA49C,,$3.60,"Connector, 1/4"" TS non-normaling jack, right nagle",RA49C11,asp_connector,asp_connector,,,,,,,
F-1021-0,Switchcraft,L722RA,SC-L7X2RA,9,$4.18,"Connector, DC Power, THT Right Angle, 2.1mm 5.5mm panel mt",L722RA,asp_connector,asp_connector,,,,,,,
F-1022-0,Switchcraft,PJRAS2X1S01X,SC-PJRAS2X1S,9,$1.17,"Connector, RCA dual red/white RA side-by-side",PJRAS2X1S01X,asp_connector,asp_connector,,,,,,,
F-1023-0,Bourns,PEC09-2320F-S0015,PEC09-2XXX,1,$2.42,"Encoder, 2-bit with switch, 30 detents, 9mm body",ROT_ENC_PB_9mm,asp_connector,asp_connector,,,,,,,
F-1023-1,Bourns,PEC09-2020F-S0015,PEC09-2XXX,10,$1.37,"Encoder, 2-bit with switch, no detents, 15 pulses/rotation, 9mm body",,asp_connector,asp_connector,,,,,,,
F-1023-2,Bourns,PEC09-2120F-S0012,PEC09-2XXX,10,$1.94,"Encoder, 2-bit with switch, 12 detents, 12 pulses/rotation, 9mm body",,asp_connector,asp_connector,,,,,,,
F-1024-0,Panasonic,TQ2-3V,,10,$2.82,"Relay, DPDT 3V THT",,,,,,,,,,
F-1025-0,Molex,90119-2109,(n/a),1000,$0.05,"Contact, crimp terminal CGRID III",CON,asp_bom,(n/a),,Use with L-1004-XX housings,,,,,
F-1026-0,Wakefield,274-1AB,(n/a),0,$0.21,"Heat sink, TO-220",HS-TO-220,asp_connector,(n/a),,,,,,,
F-1026-1,Aavid,577102B04000G,HS-TO-220,6,$0.21,"Heat sink, TO-220 with tab",HS-TO-220-TAB,asp_connector,asp_connector,,,CUI,HSS-B20-0635H-01,,,
F-1027-0,Amphenol,RJHSE-5380,RJHSE538X,0,$1.10,"Connector, RJ45, Right Angle THT 8 pins, no LEDs, shielded",RJ45,asp_connector,asp_connector,,,,,,,
F-1027-1,Amphenol,RJHSE-5381,RJHSE538X,0,$1.01,"Connector, RJ45, Right Angle THT 8 pins, Green/Yellow LEDs, shielded",RJ45_LED_GY,asp_connector,asp_connector,,,,,,,
F-1028-0,NKK,JB15HBPF-JF,NKK-JB15HBPF-JF,23,$4.33,"Switch, SPST Momentary, 14.7mm height, Green LED",SPST-MOM-PB-LEDG-14mm,asp_connector,asp_connector,,,,,,,
F-1028-1,NKK,JB15HBPC-JC,NKK-JB15HBPC-JC,0,$4.33,"Switch, SPST Momentary, 14.7mm height, Red LED",SPST-MOM-PB-LEDR-14mm,asp_connector,asp_connector,,,,,,,
F-1028-2,NKK,JB15HBPE-JE,NKK-JB15HBPE-JE,6,$4.33,"Switch, SPST Momentary, 14.7mm height, Yellow LED",SPST-MOM-PB-LEDY-14mm,asp_connector,asp_connector,,,,,,,
F-1029-0,Grayhill,25LB10-Q,GH-25L,5,$6.50,"Encoder, 2-bit quadrature, no switch, 36 pos.,¼” flatted post ",ROT_ENC_GH-25L,asp_connector,asp_connector,,,,,,,
F-1030-0,Norcomp,182-009-213R531,DE9F-RA,2,$1.60,"Connector, DE9 female right-angle THT",DE9F-RA,asp_connector,asp_connector,,,,,,,
F-1030-1,Norcomp,182-009-213R561,DE9F-RA,0,$1.95,"Connector, DE9 female right-angle THT with 4-40 screw lock",DE9F-RA-SL,asp_connector,asp_connector,,,,,,,
F-1031-0,Norcomp,182-009-113R531,DE9M-RA,0,$1.60,"Connector, DE9 male right-angle THT",DE9M-RA,asp_connector,asp_connector,,,,,,,
F-1031-1,Norcomp,182-009-113R561,DE9M-RA,0,$1.60,"Connector, DE9 male right-angle THT with 4-40 screw lock",DE9M-RA-SL,asp_connector,asp_connector,,,,,,,
F-1032-0,Bourns,EM14A1D-C24-L008S,B-EM14AXD-C24-L,1,$20.00,"Encoder, optical 2-bit quad w/sw,  32 detents 8 PPR 1/4” flat shaft, 14mm body axial",ROT_ENC_EM14_32D_8PPR_SW,asp_connector,asp_connector,,,,,,,
F-1032-1,Bourns,EM14A1D-C24-L032S,B-EM14AXD-C24-L,1,$20.00,"Encoder, optical 2-bit quad w/sw,  32 detents 32 PPR 1/4” flat shaft, 14mm body axial",ROT_ENC_EM14_32D_32PPR_SW,asp_connector,asp_connector,,,,,,,
F-1033-0,Amphenol,L17DEFRA09P,(n/a),5,$1.72,"Connector, DE9 male panel mount with IDC for ribbon cable",DE9-M-IDC,asp_connector,(n/a),,,,,,,
F-1034-0,Bourns,PEL12T-4225S-S1024,B-PEL12T-4225S,.,$3.00,"Encoder, 2-bit with switch, 24 PPR, RGB LED, 12mm body",ROT_ENC_PEL12T,asp_connector,asp_connector,,,Sparkfun,COM-10982,,,
F-1035-0,Everlight,EAPLRAA7,EL-PLx13y_T9,16,$1.43,"Fiber Optic Receiver, 16 Mbd for TOSLINK, +2.4V to +5.5V operation, dust door",PLR135_T9,asp_connector,asp_connector,,replaces PLR135/T9,,,,,
F-1035-1,Everlight,PLR135/T,EL-PLx13y_T,,$1.43,"Fiber Optic Receiver, 16 Mbd for TOSLINK, +2.4V to +5.5V operation, plug",PLR135_T,asp_connector,asp_connector,,Readily available?,Everlight,EAPLRAA1,,,
F-1036-0,Everlight,EAPLTAA7,EL-PLx13y_T9,16,$0.75,"Fiber Optic Transmitter, 16 Mbd for TOSLINK, +3~+5V operation, door",EAPLTAA7,asp_connector,asp_connector,,replaces PLT133/T9,,,,,
F-1036-1,Everlight,PLT133/T,EL-PLx13y_T,,$0.75,"Fiber Optic Transmitter, 16 Mbd for TOSLINK, +3~+5V operation, plug",PLT133_T,asp_connector,asp_connector,,Same?,Everlight,EAPLTAA2,,,
F-1037-0,Switchcraft,PJRAS1X1S01X,SC-PJRAS1X1S,,$0.63,"Connector, RCA single black right-angle",,asp_connector,asp_connector,,,,,,,
F-1038-0,Amphenol,31-5486-1010,A-31-5486-1010,2,$4.09,"Connector, BNC, 50Ω right angle",BNC-RA,asp_connector,asp_connector,,,,,,,
F-1039-0,E-Switch,TL2285OA,ES-TL2285,35,$0.75,"Switch, DPDT vertical pushbutton momentary 8mm x 8mm",TL2285OA,asp_connector,asp_connector,,,,,,,
F-1039-1,E-Switch,TL2285EE,ES-TL2285,,$0.85,"Switch, DPDT vertical pushbutton latching 8mm x 8mm",TL2285EE,asp_connector,asp_connector,,,,,,,
F-1040-0,Keystone,5001,KY-5001,13,$0.25,"Test point, 0.040” hole, black body, 0.050” wire loop",TP-040,asp_connector,asp_connector,,,,,,,
F-1041-0,CESS,dn05,(n/a),10,$0.17,"Connector, 5-pin DIN Female Socket panel mount",,,,,panel mount,,,,,
F-1042-0,CESS,dn06,(n/a),8,$0.24,"Connector, 5-pin DIN Female Socket cable mount",,,,,,,,,,
F-1043-0,CUI,SDS-50J,CUI_SDS-50J,0,$1.69,"Connector, 5-pin DIN Female socket PCB mount",DIN-5,asp_connector,asp_connector,,,,,,,
F-1044-0,C&K,PN22SJNA03QE,CK-PN2xS,40,$1.41,"Switch, DPDT latching right-angle",PN22S,asp_connector,asp_connector,,,,,,,
F-1045-0,Cambion,180-7337-02-05-00,CAMB-180-7337-02,,$0.40,"Test point, 0.064” hole, turret terminal",TP-064,asp_connector,asp_connector,,,,,,,
F-1046-0,Neutrik,NCJ6FI-H,Jack_XLR-6.35mm_Neutrik_NCJ6FI-H_Horizontal,24,$2.67,"Connector, Combo XLR-¼” locking",,asp_connector,asp_connector,,,,,,,
F-1047-0,Sparkfun,COM-15141,,4,$5.00,"Encoder, 2-bit with switch, 24 PPR, RGB LED, 12mm body",,,,,Fits in the same socket as F-1034-0 but not the same body size,,,,,
F-1048-0,Stewart Connector,SI-46014-F,BEL_SI-46014-F,,$4.25,"Connector, RJ45, 100Base-T magnetics, VERT THT 8 pins, Green/Yellow LEDs, shielded",,asp_connector,asp_connector,,Not compatible with Amphenol!,,,,,
F-1049-0,Amphenol,RJMG1BD3B8K1ANR ,RJMG1BD3B8K1ANR ,,$3.00,"Connector, RJ45, 100Base-T magnetics, RA THT 8 pins, Green/Yellow LEDs, shielded",,asp_connector,asp_connector,,,,,,,
F-1050-0,Neutrik,NC3FXX-BAG,(n/a),1,$3.50,"Connector, XLR3F cable mount, black",HW,asp_bom,(n/a),,,,,,,
F-1051-0,Neutrik,NC3MXX,(n/a),3,$2.75,"Connector, XLR3M cable mount, nickel",HW,asp_bom,(n/a),,,,,,,
F-1052-0,E-Switch,FS57003PLT2B2M1QEH,(n/a),0,$5.60,"Switch, 3PDT solder lug stomp box foot switch with hardware",HW,asp_bom,(n/a),,,,,,,
F-1052-1,E-Switch,FS57003PLT2B2M2QE,FS57003PLT2B2M2QE,0,$5.12,"Switch, 3PDT PCB pins",FS-ES-3PDT,asp_connector,asp_connector,,,,,,,
F-1053-0,Cliff,CL1310,CL-1310,0,$2.30,"Connector, 1/4"" TS normalling jack, RA, nut is threaded on outside",,asp_connector,asp_connector,,Cliff description S4/BNB/PCC,Antique Electronics,S-H901-PC,,,
F-1054-0,Cliff,CL1334,CL-1334,0,$2.85,"Connector, 1/4"" TRS normalling jack, RA, nut is threaded on outside",,asp_connector,asp_connector,,Cliff description S4/BBB/PCC,Antique Electronics,S-H901-PC-S,,,
F-1055-0,Neutrik,NMJ4HCD2,NMJ4HCD2,0,$1.20,"Connector, 1/4"" TS normalling jack, RA, nut is threaded on outside",,asp_connector,asp_connector,,This is smaller than the Cliff type,,,,,
F-1056-0,NKK,M2B15AA5G40-FA,NKK-M2B15AA5G40-FA,0,$5.93,"Switch, SPDT PB RA",,asp_connector,asp_connector,,,,,,,
F-1057-0,NKK,GP0115ACCG30,NKK-GP0115ACCG30,,$4.62,"Switch, SPST PB RA SMT red cap",,asp_connector,asp_connector,,,,,,,
F-1057-1,NKK,GP0115ACAG30,NKK-GP0115ACAG30,,$4.62,"Switch, SPST PB RA SMT black cap",,asp_connector,asp_connector,,,,,,,
G-1000-0,Hammond,1441-10BK3,(n/a),,$10.02,"Chassis, Steel, 8x4x2, black, 20 gauge",HW,asp_bom,(n/a),,,,,,,
G-1000-1,Hammond,1441-14BK3,(n/a),,$12.17,"Chassis, Steel, 9x5x2, black, 20 gauge",HW,asp_bom,(n/a),,,,,,,
G-1000-2,Hammond,1441-16BK3,(n/a),,$13.60,"Chassis, Steel, 10x6x2, black, 20 gauge",HW,asp_bom,(n/a),,,,,,,
G-1001-0,Hammond,1431-10BK3,(n/a),,$3.32,"Chassis, Steel, bottom plate for G-1000-0",HW,asp_bom,(n/a),,,,,,,
G-1001-1,Hammond,1431-14BK3,(n/a),,$3.99,"Chassis, Steel, bottom plate for G-1000-1",HW,asp_bom,(n/a),,,,,,,
G-1001-2,Hammond,1431-16BK3,(n/a),,$5.32,"Chassis, Steel, bottom plate for G-1000-2",HW,asp_bom,(n/a),,,,,,,
G-1002-0,Hammond,1456PH1WHBU,(n/a),1,$29.44,"Chassis, Aluminum, 14” W x 8.3” D x 2.8” H 10 deg slope",HW,asp_bom,(n/a),,,,,,,
G-1003-0,Grayhill,11K5013-KCNB,(n/a),5,$0.62,"Knob, 0.25” shaft diameter, 1.330” overall diameter",HW,asp_bom,(n/a),,,,,,,
G-1004-0,Hammond,1455N1201BK,(n/a),1,$18.00,"Enclosure, Aluminum 4.72” x 2.09” x 4.06”, black",HW,asp_bom,(n/a),,,,,,,
G-1005-0,Davies,1221-J,(n/a),,$1.32,"Knob, 6mm shaft diameter, 4.5mm flat, 11.4mm overall diameter",HW,asp_bom,(n/a),,,,,,,
G-1005-0,Eagle Plastic Devices,450-4760,(n/a),,$0.44,"Knob, 6mm shaft diameter, 4.5mm flat, 13.2 overall diameter, black, white indicator",HW,asp_bom,(n/a),,,,,,,
G-1005-1,Eagle Plastic Devices,450-4761,(n/a),,$0.44,"Knob, 6mm shaft diameter, 4.5mm flat, 13.2 overall diameter, black, red indicator",HW,asp_bom,(n/a),,,,,,,
G-1005-2,Eagle Plastic Devices,450-4762,(n/a),,$0.44,"Knob, 6mm shaft diameter, 4.5mm flat, 13.2 overall diameter, black, yellow indicator",HW,asp_bom,(n/a),,,,,,,
G-1005-3,Eagle Plastic Devices,450-4763,(n/a),,$0.44,"Knob, 6mm shaft diameter, 4.5mm flat, 13.2 overall diameter, black, blue indicator",HW,asp_bom,(n/a),,,,,,,
G-1005-4,Eagle Plastic Devices,450-4764,(n/a),8,$0.44,"Knob, 6mm shaft diameter, 4.5mm flat, 13.2 overall diameter, black, green indicator",HW,asp_bom,(n/a),,,,,,,
G-1005-5,Eagle Plastic Devices,450-4765,(n/a),,$0.44,"Knob, 6mm shaft diameter, 4.5mm flat, 13.2 overall diameter, black, grey indicator",HW,asp_bom,(n/a),,,,,,,
G-1006-125,Bivar,PLP5-2-125,(n/a),,$1.07,"Light pipe, clear, 5mm diameter, 0.125” long, press in from front",HW,asp_bom,(n/a),,dash number is length in 0.001” (always include dash in BOM callout),,,,,
G-1006-250,Bivar,PLP5-2-250,(n/a),8,$0.70,"Light pipe, clear, 5mm diameter, 0.250” long, press in from front",HW,asp_bom,(n/a),,dash number is length in 0.001” (always include dash in BOM callout),,,,,
G-1007-0,Kilo,OEDA-90-4-7,(n/a),0,$4.92,"Knob, 6mm shaft diameter, 0.925” diameter, metal, black",HW,asp_bom,(n/a),,,,,,,
G-1008-0,Serpac,07-S-BLACK,(n/a),2,$7.40,"Enclosure, ABS, 6.89” x 4.89” x 1.865” sloped, black ",HW,asp_bom,(n/a),,,,,,,
G-1009-0,Hammond,1402H,(n/a),0,$55.00,"Enclosure, Aluminum 10” W x 7.3” D x 3.9” H",HW,asp_bom,(n/a),,,,,,,
G-1009-1,Hammond,1402HV,(n/a),0,$57.00,"Enclosure, Aluminum 10” W x 7.3” D x 3.9” H ventilated",HW,asp_bom,(n/a),,,,,,,
G-1010-0,Neutrik,NSJ-NUT-B,(n/a),25,$0.07,"Nut, Quick Fix for F-1007-0 NSJ12HL stacking ¼” connector ",HW,asp_bom,(n/a),,,,,,,
G-1010-1,Neutrik,NRJ-NUT-B,(n/a),12,$0.12,"Nut, Threaded, for F-1007-0 NSJ12HF-1 stacking ¼” connector",HW,asp_bom,(n/a),,,,,,,
G-1011-0,Neutrik,A-SCREW-1-8,(n/a),9,$0.15,"Screw, plastic 2.9 x 8mm",HW,asp_bom,(n/a),,For neutrik XLR panel connections,,,,,
G-1011-0,Sparkfun,COM-10597,(n/a),4,$0.95,"Knob, 6mm shaft diameter, knurled, 15mm OD, clear",HW,asp_bom,(n/a),,for P/N F-1034-0,,,,,
G-1012-0,Serpac,51,(n/a),25,$0.51,"Bumpers, black rubber, for 07S enclosure",HW,asp_bom,(n/a),,,,,,,
G-1013-0,Hammond,1456FE1WHBU,(n/a),0,$24.00,"Enclosure, Aluminum, sloped, 6.5” W x 5.5"" D x 2.5” H (1.5” rear H) ",HW,asp_bom,(n/a),,,,,,,
G-1014-125,Bivar,PLP2-125-D,(n/a),,$0.50,"Light pipe, clear, 3mm diameter, 0.125” long, press in from front",HW,asp_bom,(n/a),,For monitor controller UI box,VCC,LFB012CTP,,,
G-1014-250,VCC,LFB025CTP,(n/a),78,$0.42,"Light pipe, clear, 3mm diameter, 0.25” long, press in from front",HW,asp_bom,(n/a),,,,,,,
G-1015-0,Hammond,1455T1601BK,(n/a),,$28.00,"Enclosure, Aluminum 6.3” (160mm) D x 6.5”(165mm) W x 2.2” (55.63mm H), black",HW,asp_bom,(n/a),,,,,,,
G-1016-0,C&K,PE-BK,(n/a),15,$0.50,"Switch cap, Rectangle, Black, for PVA-series switches",HW,asp_bom,(n/a),,Does not fit E-Switch TL2285,,,,,
G-1017-0,RAF,2101T-440-AL-7,(n/a),40,$0.27,"Standoff, Hex, Aluminum, 11/32”, 4-40 screw",HW,asp_bom,(n/a),,,,,,,
G-1018-0,Keystone,9400,(n/a),40,$0.13,"Screw, 4-40 ¼” flat",HW,asp_bom,(n/a),,,,,,,
G-1019-0,C&K,PV-BK,(n/a),15,$0.38,"Switch cap, Round, 7.4mm diameter, Black, for PVA-series switches",HW,asp_bom,(n/a),,,,,,,
G-1020-0,Hammond,1402B,(n/a),,$44.51,"Enclosure, Aluminum 7.1” W x 4.9” D x 2.4” H (not vented)",,asp_bom,,,,,,,,
G-1020-1,Hammond,1402BV,(n/a),1,$44.51,"Enclosure, Aluminum 7.1” W x 4.9” D x 2.4” H (vented)",,asp_bom,,,,,,,,
G-1021-0.250,McMaster-Carr,99461A110,(n/a),50,$0.24,"Screw, 18-8 stainless #4 ¼” long for plastic",HW,asp_bom,(n/a),,$11.82 per pack of 50,,,,,
G-1021-0.500,McMaster-Carr,99461A130,(n/a),50,$0.26,"Screw, 18-8 stainless #4 ½” long for plastic",HW,asp_bom,(n/a),,$13.19 per pack of 50,,,,,
G-1021-0.625,McMaster-Carr,99461A140,(n/a),48,$0.29,"Screw, 18-8 stainless #4 ⅝” long for plastic",HW,asp_bom,(n/a),,$14.44 per pack of 50,,,,,
G-1022-0,McMaster-Carr,95495K24,(n/a),42,$0.12,"Bumpers, black rubber, ½” x ½” square x 15/64” high",HW,asp_bom,(n/a),,$5.85 per pack of 50,,,,,
G-1023-0,3M,3341-4,(n/a),9,$1.00,"Jack Socket/Screw kit for D-sub connectors, 15.8 mm long",HW,asp_bom,(n/a),,$2 for pack of 2 — 1/8” panel thickness,McMaster,92710A214 (pack of 10 sets for $9.07),,,
G-1024-0.250,McMaster-Carr,90380A005,(n/a),100,$0.08,"Screw, zinc-plated steel #2 ¼” long for plastic",HW,asp_bom,(n/a),,Box of 50,,,,,
G-1024-0.3125,McMaster-Carr,90380A008,(n/a),100,$0.08,"Screw, zinc-plated steel #2 5/16” long for plastic",HW,asp_bom,(n/a),,Box of 50,,,,,
G-1024-0.375,McMaster-Carr,90380A011,(n/a),100,$0.08,"Screw, zinc-plated steel #2 ⅜” long for plastic",HW,asp_bom,(n/a),,Box of 50,,,,,
G-1024-0.5,McMaster-Carr,90380A014,(n/a),100,$0.16,"Screw, zinc-plated steel #2 ½” long for plastic",HW,asp_bom,(n/a),,Box of 50,,,,,
H-1000-0,Electronic Assembly,EA DOGL128W-6,EADOGL,2,$18.00,"GLCD, 128x64, white background",,asp_display,asp_display,,,,,,,
H-1001-0,Newhaven Display,NHD‐0216K1Z‐FSB‐FBW‐L ,CLCD-16x2-80x36-RA,3,$9.50,"LCD, 16 characters by 2 lines, 5V, blue backlight, 80 mm x 36 mm x 13.5 mm",CLCD-16x2-80x36-RA,asp_display,asp_display,,Footprint assumes L-1002-16 header is attached to back of module,,,,,
H-1002-0,Newhaven Display,NHD-0216HZ-FL-YBW-C,CLCD-16x2-65x36-RA,2,$10.11,"LCD, 16 characters by 2 lines, 5V, yellow/green backlight, 65.6 mm x 36 mm x 15 mm",CLCD-16x2-65x36-RA,asp_display,asp_display,,Footprint assumes L-1002-16 header is attached to back of module,,,,,
H-1003-0,Newhaven Display,NHD-0216HZ-FSW-FBW-33V3C,CLCD-16x2-65x36-RA,2,$10.20,"LCD, 16 characters by 2 lines, 3.3V, white BL, 65.6 mm x 36 mm x 15 mm",CLCD-16x2-65x36-RA-3.3V,asp_display,asp_display,,,,,,,
H-1004-0,Sparkfun,COM-11408,LED-4CHAR-LARGE,5,$2.80,"LED Display, 7 segment, 4 characters, blue, 11.0mm x 20.4mm chars",LED-4CHAR-LARGE-BLUE,asp_display,asp_display,,,,,,,
H-1005-0,SunLED,XGUGX10D,LED-BG-10SEG,,$1.69,"LED Bargraph Display, 10 segment, Green, 5.08mm x 1.78mm",LED-BG-10SEG-GREEN,asp_display,asp_display,,,,,,,
H-1005-1,SunLED,XGMRX10D,LED-BG-10SEG,,$1.69,"LED Bargraph Display, 10 segment, Red, 5.08mm x 1.78mm",LED-BG-10SEG-RED,asp_display,asp_display,,,,,,,
H-1005-2,SunLED,XGMRX10D,LED-BG-10SEG,,$1.69,"LED Bargraph Display, 10 segment, Yellow, 5.08mm x 1.78mm",LED-BG-10SEG-RED,asp_display,asp_display,,,,,,,
H-1006-0,Sparkfun,COM-10595,LED-BGC-16SEG,10,$3.00,"LED Bargraph Display Circle, 16 segment, Red",LED-BGC-16SEG-RED,asp_display,asp_display,,Retired.,,,,,
H-1006-1,Sparkfun,COM-11492,LED-BGC-16SEG,10,$3.00,"LED Bargraph Display Circle, 16 segment, Blue",LED-BGC-16SEG-BLUE,asp_display,asp_display,,Retired.,,,,,
I-1000-0,Triad,FS28-700,TRIAD-DP-20VA,,$9.73,"Transformer, 28VCT 0.7A 20VA, dual primary PCB mount",,asp_passive,asp_passive,,,,,,,
I-1000-1,Triad,FS28-1300,TRIAD-DP-36VA,,$12.80,"Transformer, 28VCT 1.3A 36VA, dual primary PCB mount",,asp_passive,asp_passive,,,,,,,
I-1001-0,Triad,VPS28-1500,(n/a),,$9.95,"Transformer, 28VCT 1.5A 43VA, dual primary chassis mount",,(n/a),(n/a),,,,,,,
I-1002-33uH,Bourns,SDR1006-330KL,L-SDR1006,,$0.45,"Inductor, 33uH 1.5A 10% SMD",IND_SDR1006_10%,asp_passive,asp_passive,,,,,,,
I-1003-22uH,Bourns,SDR1006-220ML,L-SDR1006,,$0.45,"Inductor, 22uH 1.95A 20% SMD",IND_SDR1006_20%,asp_passive,asp_passive,,,,,,,
I-1004-1uH,Coilcraft,XAL6060-102ME,L-XAL60x0,,$1.75,"Inductor, 1uH 23A 20% SMD",IND_XAL6060,asp_passive,asp_passive,,,,,,,
I-1004-10uH,Coilcraft,XAL6060-103ME,L-XAL60x0,,$2.25,"Inductor, 10uH, 7A 20% SMD",IND_XAL6060,asp_passive,asp_passive,,,,,,,
I-1005-15uH,Coilcraft,MSD1260-153ML,L-MSD1260,,$1.30,"Inductor, Coupled, 15uH, 3A SMD",IND_MSD1260,asp_passive,asp_passive,,,,,,,
I-1006-220,Murata,BLM21PG221SN1,L0805,2,$0.05,"Inductor, EMI Filter Bead, 220 ohm 2A",EMIF_0805,asp_passive,asp_passive,,,,,,,
I-1007-1uH,Coilcraft,LPD5030-102NE,L-LPD50x0,,$1.35,"Inductor, coupled, 1uH 3.68 A 30% SMD",IND_LPD5030,asp_passive,asp_passive,,,,,,,
I-1008-9.9uH,Eaton,VP5-0155-R,L-VP5,3,$7.04,"Inductor, coupled, VERSA-PAC 9.9 uH 2.4 A",IND_VP5,asp_passive,asp_passive,,"WAS 9.65uH, actual value is 9.9uH",,,,,
I-1010-3.9uH,Wurth,744071039,L-WE8043,18,$2.13,"Inductor, 3.9uH 4.9A 13mOhm",IND_WE744071,asp_passive,asp_passive,,,,,,,
I-1011-0,Murata,DA101C,XFMR-DA10XC,3,$2.50,"Transformer, 1:1, 1.0 mH, for S/PDIF and AES3",XFMR_DA101C,asp_passive,asp_passive,,For digital audio,Pulse electronics,PE-65612NL,,,
I-1012-0,Signal Transformer,DPC-16-1500,SIGTRANS-DPC-24VA,2,$10.00,"Transformer, 16VCT 3A 24VA dual primary PCB mount",XFMR_DPC-16-1500,asp_passive,asp_passive,,,,,,,
I-1013-6.1uH,Coilcraft,HP4-0075-R,L-HP4,2,$2.26,"Inductor, coupled, HexaPath 6.1uH uH 1.75 A",IND_HP4,asp_passive,asp_passive,,"Eaton VP4 is compatible, mostly",,,,,
I-1014-4.1uH,TDK,ACP3225-102-2P-T000,L-ACP3225,0,$0.90,"Choke, common-mode, 4.1uH 1k ohms @ 100 MHz, 1210 size, 1.5A",CHOKE_1210,asp_passive,asp_passive,,,,,,,
J-1000-24.576M,Silicon Labs,514MAA000148AAG,OSC-5x7-6,,    ,"Oscillator, I2C prog 24.576 MHz 100 ppm dual output, I2C 0x55",Si514-100ppm,asp_oscillator,asp_oscillator,,dash number is startup frequency,,,,,
J-1001-22.5792M,Fox,FXO-HC736R-22.5792,Oscillator_SMD_Abracon_ASV-4Pin_7.0x5.1mm.kicad_mod,,$1.40,"Oscillator, 22.5792 MHz, 5x7mm 3.3V",OSC-5x7,asp_oscillator,asp_oscillator,OSC-5x7,Any 5x7 mm 3.3V 4-pin oscillator,,,,,
J-1001-24.5760M,CTS,CB3LV-3I-24M5760,Oscillator_SMD_Abracon_ASV-4Pin_7.0x5.1mm.kicad_mod,9,$1.30,"Oscillator, 24.576 MHz 5x7mm 3.3V",OSC-5x7,asp_oscillator,asp_oscillator,OSC-5x7,Any 5x7 mm 3.3V 4-pin oscillator,,,,,
J-1001-25.0000M,Abracon,ASV-25.000MHZ-E-T,Oscillator_SMD_Abracon_ASV-4Pin_7.0x5.1mm.kicad_mod,,$1.47,"Oscillator, 25.0000 MHz 5x7mm 3.3V",OSC-5x7,,,,,,,,,
J-1001-50.0000M,ECS,ECS-7050MV-500-DM-TR,Oscillator_SMD_Abracon_ASV-4Pin_7.0x5.1mm.kicad_mod,10,$1.19,"Oscillator, 50.0000 MHz 5x7mm 3.3V",OSC-5x7,,,,,,,,,
J-1002-12.0000M,CTS,ATS12ASM-1E,OSC-HC49-SM,,$0.30,"Crystal, 12.000 MHz HC-49 SMT 20pF",OSC-HC49-SM,asp_oscillator,asp_oscillator,OSC-HC49-SM,Any oscillator in this package,,,,,
J-1003-6.0000M,Citizen,HC49US-6.0000MABJ-UB,,,$0.43,"Crystal, 6.0000 MHz HC-49 THT 18pF",,,,,,,,,,
J-1003-24.5760M,Citizen,HC49US-24.576MABJ-UB,,,$0.43,"Crystal, 24.576 MHz HC-49 THT 18pF",,,,,,,,,,
J-1004-6.0000M,Epson,MA-506-6.0000M-C0:ROHS,,9,$0.06,"Crystal, 6.0000 MHz 13.46mm x 5.08mm",,,,,,,,,,
J-1005-12.288M,Silicon Labs,514MBC000173AAG,OSC-5x7-6,,$10.00,"Oscillator, I2C prog 24.576 MHz 50 ppm dual output, I2C 0x55",Si514-50ppm,asp_oscillator,asp_oscillator,,dash number is startup frequency,,,,,
J-1006-24.576M,Silicon Labs,513MBA000230AAG,OSC-5x7-6,,$5.22,"Oscillator, dual 24.576/22.5892 MHz 5x7mm 3.3V",Si513,asp_oscillator,asp_oscillator,,,,,,,
J-1007-48.000M,AVX,CX3225SB48000D0FPJC1,OSC-3.2x2.5,13,$0.95,"Crystal, 48.000 MHz 3.2mmx2.5mm SMT 8pF 10ppm",CRYSTAL-3.2x2.5-10ppm,asp_oscillator,asp_oscillator,CRYSTAL-3.2x2.5-10ppm,,,,,,
J-1008-25.000M,AVX,CX3225SB25000D0FFFCC,OSC-3.2x2.5,3,$0.76,"Crystal, 25.000 MHz 3.2mmx2.5mm SMT 8pF 15ppm",CRYSTAL-3.2x2.5-15ppm,asp_oscillator,asp_oscillator,CRYSTAL-3.2x2.5-15ppm,,,,,,
J-1008-27.000M,AVX,CX3225SB27000D0FFFCC,OSC-3.2x2.5,5,$0.76,"Crystal, 27.000 MHz 3.2mmx2.5mm SMT 8pF 15ppm",CRYSTAL-3.2x2.5-15ppm,asp_oscillator,asp_oscillator,CRYSTAL-3.2x2.5-15ppm,,,,,,
J-1009-24.576M,Silicon Labs,571PFC000148DG,OSC-Si57x,2,$10.00,"VCXO, 24.576 MHz startup, I2C prog.",Si571,asp_oscillator,asp_oscilllator,,,,,,,
J-1010-49.152M,Taitien,"OXEUDLJANF-49.152000
",OSC-3.2x2.5,,$2.21,"Oscillator, 49.1520 MHz, 3.2x2.5mm 3.3V very low jitter",OSC-3.2x2.5,asp_oscillator,asp_oscillator,OSC-3.2x2.5,,,,,,
K-1000-10k,Panasonic,EVU-F2MFL3D14,POT_EVUF,,$1.13,"Potentiometer, 10k rotary vertical audio taper 9mm",POT_9MM_VERT,asp_passive,asp_passive,,NRND,,,,,
K-1001-2.5k,TT Electronics,P160KN-0FC18C2K5,POT_P160,10,$0.70,"Potentiometer, 2.5k rotary reverse audio taper 16mm",POT_P160,asp_passive,asp_passive,,,,,,,
K-1002-250k,Vishay,T73YE254KT20,Trimpot_Vishay_T73YP_Vertical,0,$1.00,"Trimpot, 250k top-adjust 10%",TRIMPOT_T73YP,asp_passive,asp_passive,,Vishay,,,,,
K-1003-10k,Bourns,PTT111-4420A-B103,PTx111-4,,$1.30,"Potentiometer, 10k rotary vertical linear taper 12mm with center tap",POT_PTT111,asp_passive,asp_passive,,,,,,,
K-1004-10k,Bourns,PTV111-4420A-B103,PTx111-4,,$1.02,"Potentiometer, 10k rotary vertical linear taper 12mm",POT_PTV111,asp_passive,asp_passive,,,,,,,
K-1005-10k,Bourns,PTD902-2020K-A103,PTD902-xx20K,,$1.75,"Potentiometer, 10k dual rotary vertical audio taper 9mm knurled 20 mm shaft",POT_PTD902-20,asp_passive,asp_passive,,,,,,,
K-1006-10k,Bourns,PTD902-2015K-A103,PTD902-xx15K,,$1.75,"Potentiometer, 10k dual rotary vertical audio taper 9mm knurled 15 mm shaft",POT_PTD902-15,asp_passive,asp_passive,,,,,,,
K-1007-10k,Bourns,PTD901-2015K-B103,PTD901-xx15K,,$1.75,"Potentiometer, 10k single rotary vertical linear taper 9mm knurled 15 mm shaft",POT_PTD901-15,asp_passive,asp_passive,,,,,,,
K-1008-10k,Bourns,PTV09A-4025F-B103,PTV09A-4x25F,,$0.62,"Potentiometer, 10k single rotary Horizontal linear taper 9mm flat 25 mm shaft",POT_PTV09-25,asp_passive,asp_passive,,,,,,,
K-1009-10k,Bourns,PTV09A-4225F-B103,PTV09A-4x25F,,$0.62,"Potentiometer, 10k single rotary Horz linear taper 9mm flat 25 mm shaft center detent",POT_PTV09-25D,asp_passive,asp_passive,,,,,,,
K-1010-10k,Bourns,PTV09A-4020F-B103,PTV09A-4x20F,12,$0.62,"Potentiometer, 10k single rotary Horizontal linear taper 9mm flat 20 mm shaft",POT_PTV09-20,asp_passive,asp_passive,,,,,,,
K-1011-10k,Bourns,PTV09A-4220F-B103,PTV09A-4x20F,6,$0.62,"Potentiometer, 10k single rotary Horz linear taper 9mm flat 20 mm shaft center detent",POT_PTV09-20D,asp_passive,asp_passive,,,,,,,
L-1000-8,Molex,702460801,HDR-2X4-V,,$0.90,"Header, 0.1” THT 2X5 shrouded ",CON-HDR-2X4-V,asp_connector,asp_connector,,,,,,,
L-1000-10,TC Connect,5103308-1,HDR-2X5-V,4,$0.65,"Header, 0.1” THT 2X5 shrouded ",CON-HDR-2X5-V,asp_connector,asp_connector,,,,,,,
L-1000-14,TC Connect,5103308-2,HDR-2X7-V,10,$1.10,"Header, 0.1” THT 2X7 shrouded",CON-HDR-2X7-V,asp_connector,asp_connector,,,,,,,
L-1000-16,TC Connect,5103308-3,HDR-2X8-V,2,$1.00,"Header, 0.1” THT 2X8 shrouded",CON-HDR-2X8-V,asp_connector,asp_connector,,"Standard header pitch is 0.1”, others will be indicated in the symbol name",,,,,
L-1000-20,TC Connect,5103308-5,HDR-2X10-V,,$1.24,"Header, 0.1” THT 2X10 shrouded",CON-HDR-2X10-V,asp_connector,asp_connector,,,,,,,
L-1000-34,TC Connect,5103308-7,HDR-2X17-V,,$2.34,"Header, 0.1” THT 2X17 shrouded",CON-HDR-2X17-V,asp_connector,asp_connector,,,,,,,
L-1001-14,Molex,87832-1420,HDR-2X7-VS-2mm,,$1.02,"Header, 2mm SMD 2X7 shrouded",CON-HDR-2X7-VS-2mm,asp_connector,asp_connector,,Any xx in 87832-14xx is OK. xx is packaging and plating options,,,,,
L-1001-16,Molex,87832-1616,HDR-2X8-VS-2mm,,$1.15,"Header, 2mm SMD 2X8 shrouded",CON-HDR-2X8-VS-2mm,asp_connector,asp_connector,,Any xx in 87832-14xx is OK. xx is packaging and plating options,,,,,
L-1001-20,Molex,87832-2023,HDR-2X10-VS-2mm,,$1.20,"Header, 2mm SMD 2X10 shrouded",CON-HDR-2X10-VS-2mm,asp_connector,asp_connector,,Any xx in 87832-14xx is OK. xx is packaging and plating options,,,,,
L-1002-16,3M,961116-5604-AR,HDR-1X16-RA,7,$0.57,"Header, 0.1” THT 1X16 right angle",CON-HDR-1X16-RA,asp_connector,asp_connector,,,,,,,
L-1003-8,Molex,90130-3108,CGRID-2X4-RA,9,$0.98,"Header, 0.1” THT 2X4 RA CGRID III",CON-HDR-CG-2X4-RA,asp_connector,asp_connector,,"Molex CGRID III, use with L-1004-8",,,,,
L-1003-16,Molex,90130-3116,CGRID-2X8-RA,19,$1.70,"Header, 0.1” THT 2X8 RA CGRID III",CON-HDR-CG-2X8-RA,asp_connector,asp_connector,,"Molex CGRID III, use with L-1004-16",,,,,
L-1004-8,Molex,90142-0008,(n/a),16,$0.83,"Wire housing, 0.1” 2X4 CGRID III",CON,asp_bom,asp_bom,,mates with L-1003-8,,,,,
L-1004-16,Molex,90142-0016,(n/a),30,$0.83,"Wire housing, 0.1” 2X8 CGRID III",CON,asp_bom,asp_bom,,mates with L-1003-16,,,,,
L-1005-4,Molex,90136-2104,CGRID-1X4-RA,15,$1.00,"Header, 0.1” THT 1X4 RA CGRID III",CON-HDR-CG-1X4-RA,asp_connector,asp_connector,,"Molex CGRID III, use with L-1006-4",,,,,
L-1006-4,Molex,90156-0144,(n/a),50,$0.30,"Wire housing, 0.1” 1X4 CGRID III",CON,asp_bom,asp_bom,,mates with L-1005-4,,,,,
L-1007-10,3M,89110-0111,(n/a),3,$1.04,"Header, 0.1"" IDC 2X5 for ribbon cable",CON,asp_bom,(n/a),,"has center bump, alt. is cheaper =>",3M,D89110-0101HK,Mouser,,
L-1007-16,3M,D89116-0101HK,(n/a),4,$1.04,"Header, 0.1"" IDC 2X8 for ribbon cable",CON,asp_bom,(n/a),,,,,,,
L-1008-2,Phoenix Contact,19 84 61 7,PT-1.5_2-3.5-H,23,$0.45,"Terminal Block, 3.5mm pitch horizontal (side entry) 2 position",PT-1.5_2-3.5-H,asp_connector,asp_connector,,P/N is 19 84 61 7 but parser chokes,,,,,
L-1008-3,Phoenix Contact,19 84 62 0,PT-1.5_3-3.5-H,,$0.70,"Terminal Block, 3.5mm pitch horizontal (side entry) 3 position",PT-1.5_3-3.5-H,asp_connector,asp_connector,,P/N is 19 84 62 0 but parser chokes,,,,,
L-1009-6,Tag-Connect,TC2030-IDC,Tag-Connect_TC2030-IDC-FP_2x05_P1.27mm_Vertical,0,$0.00,"Header, Tag-Connect 6-pin with grabby legs",TagConnect-6,asp_connector,asp_connector,,This is symbol and footprint but no part!,,,,,
L-1009-10,Tag-Connect,TC2050-IDC,Tag-Connect_TC2050-IDC-FP_2x05_P1.27mm_Vertical,0,$0.00,"Header, Tag-Connect 10-pin with grabby legs",TagConnect-10,asp_connector,asp_connector,,This is symbol and footprint but no part!,,,,,
L-1010-10,3M,D2510-6V0C-AR-WD,HDR-2X5-VS-0p1,10,$2.17,"Header, 0.1"" SMD 2x5 shrouded",CON-HDR-2X5-VS-0p1,asp_connector,asp_connector,,,,,,,
L-1010-14,3M,D2514-6V0C-AR-WD,HDR-2X7-VS-0p1,0,$2.17,"Header, 0.1"" SMD 2x7 shrouded",CON-HDR-2X7-VS-0p1,asp_connector,asp_connector,,,,,,,
L-1010-16,3M,D2516-6V0C-AR-WD,HDR-2X8-VS-0p1,0,$2.41,"Header, 0.1"" SMD 2x8 shrouded",CON-HDR-2X8-VS-0p1,asp_connector,asp_connector,,,,,,,
L-1010-20,3M,D2520-6V0C-AR-WE,HDR-2X10-VS-0p1,0,$2.42,"Header, 0.1"" SMD 2x10 shrouded",CON-HDR-2X10-VS-0p1,asp_connector,asp_connector,,,,,,,
L-1011-6,Tag-Connect,TC2030-IDC,Tag-Connect_TC2030-IDC-NL_2x05_P1.27mm_Vertical,0,$0.00,"Header, Tag-Connect 6-pin no legs",TagConnect-6-NL,asp_connector,asp_connector,,This is symbol and footprint but no part!,,,,,
L-1011-10,Tag-Connect,TC2050-IDC,Tag-Connect_TC2050-IDC-NL_2x05_P1.27mm_Vertical,0,$0.00,"Header, Tag-Connect 10-pin no legs",TagConnect-10-NL,asp_connector,asp_connector,,This is symbol and footprint but no part!,,,,,
M-1000-0,(n/a),(n/a),(n/a),,$0.00,"PCB, Studio Monitor Controller main",PCB,asp_bom,(n/a),,,,,,,
M-1001-0,(n/a),(n/a),(n/a),,$0.00,"PCB, Studio Monitor Controller UI",PCB,asp_bom,(n/a),,,,,,,
M-1002-0,(n/a),(n/a),(n/a),8,$3.00,"PCB, Phono Preamp",PCB,asp_bom,(n/a),,,,,,,
M-1003-0,(n/a),(n/a),(n/a),8,$3.00,"PCB, IR Remote Stereo Volume Control",PCB,asp_bom,(n/a),,,,,,,
M-1004-0,(n/a),(n/a),(n/a),9,$3.00,"PCB, Power Supply +/- 15 +5 +3.3",PCB,asp_bom,(n/a),,,,,,,
M-1005-0,(n/a),(n/a),(n/a),,$0.00,"PCB, Studio Monitor Controller front panel",PCB,asp_bom,(n/a),,,,,,,
M-1006-0,(n/a),(n/a),(n/a),,$0.00,"PCB, Si5344 test board",PCB,asp_bom,(n/a),,,,,,,
M-1007-0,(n/a),(n/a),(n/a),10,$14.50,"PCB, Audio Converter main board",PCB,asp_bom,(n/a),,,,,,,
M-1008-0,(n/a),(n/a),(n/a),6,$3.40,"PCB, Audio Converter front panel",PCB,asp_bom,(n/a),,,,,,,
M-1009-0,(n/a),(n/a),(n/a),,$0.00,"PCB, Digitally-controlled audio compressor",PCB,asp_bom,(n/a),,,,,,,
M-1010-0,(n/a),(n/a),(n/a),,$1.30,"PCB, Linear Quad Power Supply",PCB,asp_bom,(n/a),,,,,,,
M-1011-0,(n/a),(n/a),(n/a),,$0.00,"PCB, Two-Channel Microphone Preamp",PCB,asp_bom,(n/a),,,,,,,
M-1012-0,Seeed Studio,(n/a),(n/a),,$0.00,"PCB, Defectron Digital Delay",PCB,asp_bom,(n/a),,,,,,,
M-1013-0,JLCPCB,M-1013-0,(n/a),,$8.00,"PCB, Defectron Front Panel",PCB,asp_bom,(n/a),,,,,,,
N-1000-0,(n/a),(n/a),(n/a),,$0.00,"PCBA, Studio Monitor Controller main analog",PCBA,asp_bom,(n/a),,,,,,,
N-1001-0,(n/a),(n/a),(n/a),,$0.00,"PCBA, Studio Monitor Controller UI",PCBA,asp_bom,(n/a),,,,,,,
N-1002-0,(n/a),(n/a),(n/a),,$0.00,"PCBA, Phono preamp",PCBA,asp_bom,(n/a),,,,,,,
N-1003-0,(n/a),(n/a),(n/a),,$0.00,"PCBA, IR Remote Stereo Volume Control",PCBA,asp_bom,(n/a),,,,,,,
N-1004-0,(n/a),(n/a),(n/a),,$0.00,"PCBA, Power Supply +/- 15 +5 +3.3",PCBA,asp_bom,(n/a),,,,,,,
N-1005-0,(n/a),(n/a),(n/a),,$0.00,"PCBA, Studio Monitor Controller front panel",PCBA,asp_bom,(n/a),,,,,,,
N-1006-0,(n/a),(n/a),(n/a),,$0.00,"PCBA, Si5344 test board",PCBA,asp_bom,(n/a),,,,,,,
N-1007-0,(n/a),(n/a),(n/a),,$0.00,"PCBA, Audio Converter main board",PCBA,asp_bom,(n/a),,,,,,,
N-1008-0,(n/a),(n/a),(n/a),4,$0.00,"PCBA, Audio Converter front panel",PCBA,asp_bom,(n/a),,,,,,,
N-1009-0,(n/a),(n/a),(n/a),,$0.00,"PCBA, Digitally-controlled audio compressor",PCBA,asp_bom,(n/a),,,,,,,
N-1010-0,(n/a),(n/a),(n/a),,$0.00,"PCBA, Linear Quad Power Supply",PCBA,asp_bom,(n/a),,,,,,,
N-1011-0,(n/a),(n/a),(n/a),,$0.00,"PCBA, Two-Channel Microphone Preamp",PCBA,asp_bom,(n/a),,,,,,,
N-1012-0,(n/a),(n/a),(n/a),,$0.00,"PCBA, Defectron Digital Delay",PCBA,asp_bom,(n/a),,,,,,,
N-1013-0,(n/a),(n/a),(n/a),,$0.00,"PCBA, Defectron Front Panel",PCBA,asp_bom,(n/a),,,,,,,
O-1000-0,(n/a),(n/a),(n/a),,$0.00,"Firmware, 8051, Studio Monitor Controller main analog board",FW,asp_bom,(n/a),,,,,,,
O-1001-0,(n/a),(n/a),(n/a),,$0.00,"Firmware, 8051, Studio Monitor Controller remote board",FW,asp_bom,(n/a),,,,,,,
O-1002-0,(n/a),(n/a),(n/a),,$0.00,"Firmware, 8051, IR Remote Stereo Volume Control",FW,asp_bom,(n/a),,,,,,,
O-1003-0,(n/a),(n/a),(n/a),,$0.00,"Firmware, 8051, Si5344 test board",FW,asp_bom,(n/a),,,,,,,
O-1004-0,(n/a),(n/a),(n/a),,$0.00,"Firmware, FPGA MachXO2, PCBA N-1007",FW,asp_bom,(n/a),,,,,,,
O-1005-0,(n/a),(n/a),(n/a),,$0.00,"Firmware, Digitally-controlled audio compressor",FW,asp_bom,(n/a),,,,,,,
O-1006-0,(n/a),(n/a),(n/a),,$0.00,"Firmware, EFM8BB10, for PCBA N-1011",FW,asp_bom,(n/a),,,,,,,
O-1007-0,(n/a),(n/a),(n/a),,$0.00,"Firmware, FPGA MachXO2, PCBA N-1012-0",FW,asp_bom,(n/a),,,,,,,
O-1008-0,(n/a),(n/a),(n/a),,$0.00,"Firmware, EFM8UB11, for PCBA N-1012-0",FW,asp_bom,(n/a),,,,,,,
P-1000-10,Assman,H3CCS-1006G,(n/a),,$0.84,"Cable, Ribbon, 10-position 6” 0.1” pin pitch gray (2x5)",CABLE,asp_bom,(n/a),,,,,,,
P-1000-16,Assman,H3CCS-1606G,(n/a),,$0.90,"Cable, Ribbon, 16-position 6” 0.1” pin pitch gray (2x8)",CABLE,asp_bom,(n/a),,,,,,,
P-1000-34,Assman,H3CCS-3406G,(n/a),,$1.00,"Cable, Ribbon, 34-position 6” 0.1” pin pitch gray (2x17)",CABLE,asp_bom,(n/a),,,,,,,
P-1001-6,Sparkfun,CAB-00065,(n/a),5,$3.75,"Cable, Serial DE-9 M/F wired straight 6’",CABLE,asp_bom,(n/a),,,,,,,
Q-1000-0,CUI,EPA160025-P5-SZ,(n/a),,$10.00,"Power supply, 16VAC 250 mA 5.5mm OD 2.1mm ID plug",PS,asp_bom,(n/a),,,,,,,
Q-1001-0,Triad,WAU16-1000,(n/a),1,$11.24,"Power supply, 16VAC 1A 5.5mm OD 2.1mm ID plug",PS,asp_bom,(n/a),,,,,,,
Q-1002-0,Triad,WSU090-3500,(n/a),0,$18.64,"Power supply, 9VDC 3.5A 5.5mm OD 2.1mm ID plug",PS,asp_bom,(n/a),,,,,,,
Q-1003-0,Mean Well,GST40A09-P1J,(n/a),0,$17.70,"Power supply, 9VDC 4.45A 5.5 mm OD 2.1mm ID plug",PS,asp_bom,(n/a),,,,,,,
Q-1004-0,Phihong,PSA-18U-090,(n/a),4,$0.00,"Power supply, 9VDC 2A 5.5 mm OD 2.1mm ID plug",PS,asp_bom,(n/a),,obsolete,,,,,
R-1000-10,3M,3365/10,(n/a),,$0.30,"Wire, Ribbon cable, 10-conductor, grey with red, cut to 12”",WIRE,asp_bom,(n/a),,,,,,,
R-1000-16,3M,3365/16,(n/a),10,$0.60,"Wire, Ribbon cable, 16-conductor, grey with red, cut to 12”",WIRE,asp_bom,(n/a),,,,,,,
R-1001-180,Sparkfun,CAB-10647,(n/a),180,$4.95,"Wire, Ribbon cable, 10-conductor, rainbow, 15’ length",WIRE,asp_bom,(n/a),,,,,,,
